timestamp,project_name,run_id,experiment_id,duration,emissions,emissions_rate,cpu_power,gpu_power,ram_power,cpu_energy,gpu_energy,ram_energy,energy_consumed,water_consumed,country_name,country_iso_code,region,cloud_provider,cloud_region,os,python_version,codecarbon_version,cpu_count,cpu_model,gpu_count,gpu_model,longitude,latitude,ram_total_size,tracking_mode,cpu_utilization_percent,gpu_utilization_percent,ram_utilization_percent,ram_used_gb,on_cloud,pue,wue
2026-10-05T23:21:28,inference,266c00fa-46ed-4edc-8242-c526daabf83e,5b0fa12a-3dd7-45bb-9766-cc326314d9f1,21.652751749992603,2.782995019576619e-05,1.285284684233065e-06,4.017780944628572,0.0,3.0,2.3049149277979872e-05,0.0,1.7201801597499678e-05,4.025095087547955e-05,0.0,Bangladesh,BGD,dhaka division,,,macOS-27.0.1-arm64-arm-64bit,3.12.4,3.2.8,10,Apple M5,0,,90.4251,23.726,16.0,machine,0.0,0,68.065,7.000816345214844,N,1.0,0.0
2026-10-05T23:22:30,idle_baseline,e84e32e2-b3ce-449b-85d0-e4c1c73b98c4,5b0fa12a-3dd7-45bb-9766-cc326314d9f1,61.52044316698448,8.148706126768944e-05,1.3245525726547468e-06,4.128493377962501,0.0,3.0,6.827256143095386e-05,0.0,4.958362145836873e-05,0.0001178561828893,0.0,Bangladesh,BGD,dhaka division,,,macOS-27.0.1-arm64-arm-64bit,3.12.4,3.2.8,10,Apple M5,0,,90.4251,23.726,16.0,machine,0.0,0,68.61186440677966,7.3142948473914196,N,1.0,0.0
2026-10-05T23:22:54,inference,5d57bbe4-250f-4609-98de-4c39001c2c23,5b0fa12a-3dd7-45bb-9766-cc326314d9f1,21.8552887919941,2.830767312020526e-05,1.2952321696419203e-06,4.082501182514286,0.0,3.0,2.3571264393606545e-05,0.0,1.737062562579619e-05,4.094189001940273e-05,0.0,Bangladesh,BGD,dhaka division,,,macOS-27.0.1-arm64-arm-64bit,3.12.4,3.2.8,10,Apple M5,0,,90.4251,23.726,16.0,machine,5.0,0,68.295,7.325459289550781,N,1.0,0.0
2026-10-05T23:23:17,inference,6458f1d8-2681-484c-9cce-0ce16ad2b368,5b0fa12a-3dd7-45bb-9766-cc326314d9f1,21.736710833996767,2.807884064489697e-05,1.29177044582941e-06,4.0389148570857145,0.0,3.0,2.333905457667787e-05,0.0,1.727187097252075e-05,4.061092554919862e-05,0.0,Bangladesh,BGD,dhaka division,,,macOS-27.0.1-arm64-arm-64bit,3.12.4,3.2.8,10,Apple M5,0,,90.4251,23.726,16.0,machine,0.0,0,67.9,7.288882446289063,N,1.0,0.0
2026-10-05T23:23:40,inference,9911b852-adaf-4436-a406-b0e54f484dfb,5b0fa12a-3dd7-45bb-9766-cc326314d9f1,21.594607125007315,2.7744048997081817e-05,1.2847674809028238e-06,4.018601971600001,0.0,3.0,2.2973283919818247e-05,0.0,1.7153426527487076e-05,4.012671044730532e-05,0.0,Bangladesh,BGD,dhaka division,,,macOS-27.0.1-arm64-arm-64bit,3.12.4,3.2.8,10,Apple M5,0,,90.4251,23.726,16.0,machine,0.0,0,66.51578947368421,7.069263659025493,N,1.0,0.0
2026-10-05T23:24:03,inference,b0b80386-db66-4b6f-b489-87d4402b897a,5b0fa12a-3dd7-45bb-9766-cc326314d9f1,21.541697249980643,2.796520349507038e-05,1.2981894216852162e-06,4.091815829800001,0.0,3.0,2.3337239497646633e-05,0.0,1.7109330625001655e-05,4.0446570122648295e-05,0.0,Bangladesh,BGD,dhaka division,,,macOS-27.0.1-arm64-arm-64bit,3.12.4,3.2.8,10,Apple M5,0,,90.4251,23.726,16.0,machine,0.0,0,67.55263157894737,7.260114970960115,N,1.0,0.0
2026-10-05T23:24:27,inference,79a319b7-260b-49de-a330-3ec1d268725c,5b0fa12a-3dd7-45bb-9766-cc326314d9f1,21.55620125000132,2.7935129107273052e-05,1.295920778586688e-06,4.0674057352,0.0,3.0,2.328156741099724e-05,0.0,1.7121505590839663e-05,4.04030730018369e-05,0.0,Bangladesh,BGD,dhaka division,,,macOS-27.0.1-arm64-arm-64bit,3.12.4,3.2.8,10,Apple M5,0,,90.4251,23.726,16.0,machine,0.0,0,67.61578947368422,7.274614836040296,N,1.0,0.0
2026-10-05T23:24:50,inference,ff0a8352-f91d-4d64-9a2c-23290e52f997,5b0fa12a-3dd7-45bb-9766-cc326314d9f1,21.513938375021095,2.77773822334473e-05,1.291134228854091e-06,4.0654616578,0.0,3.0,2.3088612565278483e-05,0.0,1.7086308333358224e-05,4.0174920898636704e-05,0.0,Bangladesh,BGD,dhaka division,,,macOS-27.0.1-arm64-arm-64bit,3.12.4,3.2.8,10,Apple M5,0,,90.4251,23.726,16.0,machine,0.0,0,66.58947368421053,7.125885009765625,N,1.0,0.0
2026-10-05T23:25:12,inference,38b8a534-c631-48cc-8c96-bd5912bad6c1,5b0fa12a-3dd7-45bb-9766-cc326314d9f1,21.52166733299964,2.829491030119488e-05,1.314717389846914e-06,4.1306058304,0.0,3.0,2.3832157281930455e-05,0.0,1.7091273645831583e-05,4.092343092776204e-05,0.0,Bangladesh,BGD,dhaka division,,,macOS-27.0.1-arm64-arm-64bit,3.12.4,3.2.8,10,Apple M5,0,,90.4251,23.726,16.0,machine,5.2631578947368425,0,68.5421052631579,7.4403839111328125,N,1.0,0.0
2026-10-05T23:25:38,inference,57233a62-8aea-4a3f-8873-cdf8f5373f52,5b0fa12a-3dd7-45bb-9766-cc326314d9f1,21.754842082998948,2.8583819228047925e-05,1.3139060775065663e-06,4.135666115028572,0.0,3.0,2.40543467376839e-05,0.0,1.7286938298348104e-05,4.1341285036032005e-05,0.0,Bangladesh,BGD,dhaka division,,,macOS-27.0.1-arm64-arm-64bit,3.12.4,3.2.8,10,Apple M5,0,,90.4251,23.726,16.0,machine,0.0,0,68.955,7.468840789794922,N,1.0,0.0
2026-10-05T23:26:01,inference,75d1bc5c-624c-4b5e-be46-0034b9010f2f,5b0fa12a-3dd7-45bb-9766-cc326314d9f1,22.06709933298407,2.8762798934012395e-05,1.3034245461985189e-06,4.112257411085714,0.0,3.0,2.405295420035791e-05,0.0,1.7547192360822617e-05,4.160014656118054e-05,0.0,Bangladesh,BGD,dhaka division,,,macOS-27.0.1-arm64-arm-64bit,3.12.4,3.2.8,10,Apple M5,0,,90.4251,23.726,16.0,machine,0.0,0,67.375,7.230980682373047,N,1.0,0.0
2026-10-05T23:26:25,inference,c807f804-ba61-4749-afc3-ae1965fabf25,5b0fa12a-3dd7-45bb-9766-cc326314d9f1,21.74313912499929,2.822336273677958e-05,1.2980353285018365e-06,4.068803304400001,0.0,3.0,2.3542128540586577e-05,0.0,1.72778218749833e-05,4.081995041556987e-05,0.0,Bangladesh,BGD,dhaka division,,,macOS-27.0.1-arm64-arm-64bit,3.12.4,3.2.8,10,Apple M5,0,,90.4251,23.726,16.0,machine,5.0,0,68.465,7.440601348876953,N,1.0,0.0
2026-10-05T23:26:48,inference,e7fab2a0-07e8-49d2-908c-4b031d8ea8f2,5b0fa12a-3dd7-45bb-9766-cc326314d9f1,21.7246277500235,2.7969199490912233e-05,1.2874420594333073e-06,4.029437555371429,0.0,3.0,2.3190695054029885e-05,0.0,1.7261654548322745e-05,4.0452349602352627e-05,0.0,Bangladesh,BGD,dhaka division,,,macOS-27.0.1-arm64-arm-64bit,3.12.4,3.2.8,10,Apple M5,0,,90.4251,23.726,16.0,machine,0.0,0,66.97999999999999,7.198029327392578,N,1.0,0.0
2026-10-05T23:27:13,inference,3c3b58ff-db9c-449b-96e9-8ff14c4caea5,5b0fa12a-3dd7-45bb-9766-cc326314d9f1,21.813702792016556,2.8086613137548937e-05,1.2875674251795598e-06,4.035144158628572,0.0,3.0,2.328624464741772e-05,0.0,1.733592239584444e-05,4.062216704326216e-05,0.0,Bangladesh,BGD,dhaka division,,,macOS-27.0.1-arm64-arm-64bit,3.12.4,3.2.8,10,Apple M5,0,,90.4251,23.726,16.0,machine,5.0,0,67.94500000000001,7.267034912109375,N,1.0,0.0
2026-10-05T23:27:37,inference,e2946f80-66eb-4ace-9cb4-8371fef37865,5b0fa12a-3dd7-45bb-9766-cc326314d9f1,21.70857008299208,2.792290540181044e-05,1.2862618447489122e-06,4.019639411371429,0.0,3.0,2.313701318802613e-05,0.0,1.7248380451662038e-05,4.0385393639688174e-05,0.0,Bangladesh,BGD,dhaka division,,,macOS-27.0.1-arm64-arm-64bit,3.12.4,3.2.8,10,Apple M5,0,,90.4251,23.726,16.0,machine,0.0,0,67.44,7.2048179626464846,N,1.0,0.0
2026-10-05T23:28:00,inference,7ce13853-f927-4931-8c0e-cc90c11ab173,5b0fa12a-3dd7-45bb-9766-cc326314d9f1,21.709868499980075,2.792792370974407e-05,1.2864160697136285e-06,4.023929512857142,0.0,3.0,2.3143158443342975e-05,0.0,1.7249493264171178e-05,4.039265170751416e-05,0.0,Bangladesh,BGD,dhaka division,,,macOS-27.0.1-arm64-arm-64bit,3.12.4,3.2.8,10,Apple M5,0,,90.4251,23.726,16.0,machine,0.0,0,67.24,7.179461669921875,N,1.0,0.0
2026-10-05T23:28:23,inference,af03db19-cdf0-4f1b-8057-bdd24b321b74,5b0fa12a-3dd7-45bb-9766-cc326314d9f1,21.55868062499212,2.7770918313965e-05,1.2881548178681803e-06,4.0514450938,0.0,3.0,2.3042165350496737e-05,0.0,1.712340666667539e-05,4.0165572017172126e-05,0.0,Bangladesh,BGD,dhaka division,,,macOS-27.0.1-arm64-arm-64bit,3.12.4,3.2.8,10,Apple M5,0,,90.4251,23.726,16.0,machine,0.0,0,67.23157894736842,7.216496517783717,N,1.0,0.0
2026-10-05T23:28:48,inference,bf0a13fc-2157-40d1-8876-cc16dd4f1732,5b0fa12a-3dd7-45bb-9766-cc326314d9f1,21.73948775001918,2.801039487569929e-05,1.288456986557771e-06,4.031211370857143,0.0,3.0,2.323365496930371e-05,0.0,1.7278276249174573e-05,4.051193121847828e-05,0.0,Bangladesh,BGD,dhaka division,,,macOS-27.0.1-arm64-arm-64bit,3.12.4,3.2.8,10,Apple M5,0,,90.4251,23.726,16.0,machine,0.0,0,67.465,7.127655792236328,N,1.0,0.0
2026-10-05T23:29:12,inference,2c8b06a7-0ef9-4f24-a932-0d27230acabc,5b0fa12a-3dd7-45bb-9766-cc326314d9f1,21.579905541992048,2.781479499610806e-05,1.2889210725220102e-06,4.030619750800001,0.0,3.0,2.3087879071283713e-05,0.0,1.7141152569965926e-05,4.022903164124965e-05,0.0,Bangladesh,BGD,dhaka division,,,macOS-27.0.1-arm64-arm-64bit,3.12.4,3.2.8,10,Apple M5,0,,90.4251,23.726,16.0,machine,0.0,0,67.34210526315789,7.128429212068257,N,1.0,0.0
2026-10-05T23:29:35,inference,289c8727-16d8-4222-b9c3-dc58ec419ba7,5b0fa12a-3dd7-45bb-9766-cc326314d9f1,21.722396500001196,2.8268480419254005e-05,1.3013518291709872e-06,4.080307043714286,0.0,3.0,2.3625052942116326e-05,0.0,1.726015197833476e-05,4.088520492045109e-05,0.0,Bangladesh,BGD,dhaka division,,,macOS-27.0.1-arm64-arm-64bit,3.12.4,3.2.8,10,Apple M5,0,,90.4251,23.726,16.0,machine,0.0,0,69.355,7.270195770263672,N,1.0,0.0
2026-10-05T23:29:58,inference,fa4beec1-56f9-4b99-9c77-cf7053a40dc3,5b0fa12a-3dd7-45bb-9766-cc326314d9f1,21.84992766700452,2.8164281970738493e-05,1.2889874236640722e-06,4.0347944476,0.0,3.0,2.336832887593826e-05,0.0,1.736617197918046e-05,4.0734500855118725e-05,0.0,Bangladesh,BGD,dhaka division,,,macOS-27.0.1-arm64-arm-64bit,3.12.4,3.2.8,10,Apple M5,0,,90.4251,23.726,16.0,machine,0.0,0,68.62,7.1340278625488285,N,1.0,0.0
2026-10-05T23:30:24,inference,1544c2d1-c2f6-4525-b838-7e617f6c6cdc,5b0fa12a-3dd7-45bb-9766-cc326314d9f1,21.76860687500448,2.811370202378468e-05,1.2914791555203227e-06,4.062419778057143,0.0,3.0,2.3362954548502067e-05,0.0,1.7298391631678292e-05,4.066134618018035e-05,0.0,Bangladesh,BGD,dhaka division,,,macOS-27.0.1-arm64-arm-64bit,3.12.4,3.2.8,10,Apple M5,0,,90.4251,23.726,16.0,machine,0.0,0,68.3,7.0332275390625,N,1.0,0.0
2026-10-05T23:30:47,inference,6d330b41-7bba-43a2-8f4f-4986686f4f23,5b0fa12a-3dd7-45bb-9766-cc326314d9f1,21.575871875014855,2.7769433594374822e-05,1.287059626384424e-06,4.0334691502,0.0,3.0,2.302564894586943e-05,0.0,1.7137775695009624e-05,4.016342464087905e-05,0.0,Bangladesh,BGD,dhaka division,,,macOS-27.0.1-arm64-arm-64bit,3.12.4,3.2.8,10,Apple M5,0,,90.4251,23.726,16.0,machine,0.0,0,67.9,6.97279197291324,N,1.0,0.0
2026-10-05T23:31:10,inference,01f9fd4c-5fc4-4e28-aeaa-c005f7ff8554,5b0fa12a-3dd7-45bb-9766-cc326314d9f1,21.54023245800636,2.771528616265271e-05,1.2866753511915389e-06,4.023148786,0.0,3.0,2.2976987020216123e-05,0.0,1.7108123229190825e-05,4.008511024940695e-05,0.0,Bangladesh,BGD,dhaka division,,,macOS-27.0.1-arm64-arm-64bit,3.12.4,3.2.8,10,Apple M5,0,,90.4251,23.726,16.0,machine,0.0,0,68.33157894736841,7.046062268708882,N,1.0,0.0
2026-10-05T23:31:34,inference,b037c277-72ec-4756-8b89-a31197d60e34,5b0fa12a-3dd7-45bb-9766-cc326314d9f1,21.559488333004992,2.7833952482316806e-05,1.2910302903481415e-06,4.0583312536000005,0.0,3.0,2.313251601690153e-05,0.0,1.7124223436646088e-05,4.025673945354761e-05,0.0,Bangladesh,BGD,dhaka division,,,macOS-27.0.1-arm64-arm-64bit,3.12.4,3.2.8,10,Apple M5,0,,90.4251,23.726,16.0,machine,5.2631578947368425,0,68.03157894736842,7.003570556640625,N,1.0,0.0
2026-10-05T23:31:58,inference,d62835a4-2b58-45eb-b562-1723efdbcb47,5b0fa12a-3dd7-45bb-9766-cc326314d9f1,21.510841332987184,2.865266459928364e-05,1.3320104107385316e-06,4.189797049,0.0,3.0,2.435726981827672e-05,0.0,1.7083587499995097e-05,4.1440857318271824e-05,0.0,Bangladesh,BGD,dhaka division,,,macOS-27.0.1-arm64-arm-64bit,3.12.4,3.2.8,10,Apple M5,0,,90.4251,23.726,16.0,machine,0.0,0,69.5,7.19129140753495,N,1.0,0.0
2026-10-05T23:32:21,inference,158b39ae-3080-4fd8-8069-35cd85bea7c5,5b0fa12a-3dd7-45bb-9766-cc326314d9f1,21.558607665996533,2.774790503509422e-05,1.287091702070343e-06,4.0266011962,0.0,3.0,2.3008880525212385e-05,0.0,1.7123406978304656e-05,4.013228750351704e-05,0.0,Bangladesh,BGD,dhaka division,,,macOS-27.0.1-arm64-arm-64bit,3.12.4,3.2.8,10,Apple M5,0,,90.4251,23.726,16.0,machine,5.2631578947368425,0,68.78421052631579,7.048572741056743,N,1.0,0.0
2026-10-05T23:32:44,inference,f4fd23b1-717d-4244-990c-57a2f0213c10,5b0fa12a-3dd7-45bb-9766-cc326314d9f1,21.558899209019728,2.7787231423667583e-05,1.2888984337401638e-06,4.0335347614,0.0,3.0,2.306551922139516e-05,0.0,1.7123646735853983e-05,4.018916595724914e-05,0.0,Bangladesh,BGD,dhaka division,,,macOS-27.0.1-arm64-arm-64bit,3.12.4,3.2.8,10,Apple M5,0,,90.4251,23.726,16.0,machine,0.0,0,68.27368421052631,6.973423204923931,N,1.0,0.0
2026-10-05T23:33:06,inference,60e7ade4-12db-46e1-9cb7-cc335c5cdddc,5b0fa12a-3dd7-45bb-9766-cc326314d9f1,21.52572287499788,2.7821628208266287e-05,1.292482875944719e-06,4.0540954084,0.0,3.0,2.3142466651442334e-05,0.0,1.7096447985823032e-05,4.023891463726537e-05,0.0,Bangladesh,BGD,dhaka division,,,macOS-27.0.1-arm64-arm-64bit,3.12.4,3.2.8,10,Apple M5,0,,90.4251,23.726,16.0,machine,0.0,0,68.56315789473683,7.024412456311677,N,1.0,0.0
2026-10-05T23:33:32,inference,d166e1cf-a7e6-4b89-bb83-7239c2ee15eb,5b0fa12a-3dd7-45bb-9766-cc326314d9f1,21.535170332994312,2.796979664344964e-05,1.2987961651084206e-06,4.073172169,0.0,3.0,2.3349355913812348e-05,0.0,1.7103857360853e-05,4.0453213274665344e-05,0.0,Bangladesh,BGD,dhaka division,,,macOS-27.0.1-arm64-arm-64bit,3.12.4,3.2.8,10,Apple M5,0,,90.4251,23.726,16.0,machine,0.0,0,69.6263157894737,7.027087562962582,N,1.0,0.0
2026-10-05T23:33:54,inference,621108fd-24e6-4306-9b1b-00c4d426c6ca,5b0fa12a-3dd7-45bb-9766-cc326314d9f1,21.50940358301159,2.779765229993958e-05,1.2923488181650248e-06,4.050213274000001,0.0,3.0,2.3120620320541457e-05,0.0,1.7083617535002608e-05,4.020423785554407e-05,0.0,Bangladesh,BGD,dhaka division,,,macOS-27.0.1-arm64-arm-64bit,3.12.4,3.2.8,10,Apple M5,0,,90.4251,23.726,16.0,machine,0.0,0,68.6421052631579,6.862918251439145,N,1.0,0.0
2026-10-05T23:34:17,inference,7b22e578-c1c5-431f-9cef-3194cca3f445,5b0fa12a-3dd7-45bb-9766-cc326314d9f1,21.52147654199507,2.7886055183937935e-05,1.295731504737772e-06,4.0595337322,0.0,3.0,2.3240580890588595e-05,0.0,1.7091515624997556e-05,4.033209651558615e-05,0.0,Bangladesh,BGD,dhaka division,,,macOS-27.0.1-arm64-arm-64bit,3.12.4,3.2.8,10,Apple M5,0,,90.4251,23.726,16.0,machine,0.0,0,68.09473684210526,6.787789595754523,N,1.0,0.0
2026-10-05T23:34:40,inference,28b2d416-2d84-4f7a-be2f-e4d59c7467a9,5b0fa12a-3dd7-45bb-9766-cc326314d9f1,21.54268595899339,2.792727443466577e-05,1.2963691940654698e-06,4.0622392186,0.0,3.0,2.328169577443285e-05,0.0,1.7110016875012662e-05,4.039171264944551e-05,0.0,Bangladesh,BGD,dhaka division,,,macOS-27.0.1-arm64-arm-64bit,3.12.4,3.2.8,10,Apple M5,0,,90.4251,23.726,16.0,machine,0.0,0,68.48947368421052,6.857751143606086,N,1.0,0.0
2026-10-05T23:35:05,inference,80b9aa10-0241-40d8-830f-5bc3181c73bb,5b0fa12a-3dd7-45bb-9766-cc326314d9f1,21.541164041002048,2.8064903966853592e-05,1.3028499255394962e-06,4.091279934400001,0.0,3.0,2.3481944482764385e-05,0.0,1.7108824201641255e-05,4.059076868440565e-05,0.0,Bangladesh,BGD,dhaka division,,,macOS-27.0.1-arm64-arm-64bit,3.12.4,3.2.8,10,Apple M5,0,,90.4251,23.726,16.0,machine,5.2631578947368425,0,69.88421052631578,6.97373480545847,N,1.0,0.0
2026-10-05T23:35:28,inference,149358d3-62bb-45f6-a2d3-66b926071c41,5b0fa12a-3dd7-45bb-9766-cc326314d9f1,21.550665999995545,2.7781483353363025e-05,1.2891241204967297e-06,4.034561716600001,0.0,3.0,2.3064064122807167e-05,0.0,1.7116788298347578e-05,4.0180852421154745e-05,0.0,Bangladesh,BGD,dhaka division,,,macOS-27.0.1-arm64-arm-64bit,3.12.4,3.2.8,10,Apple M5,0,,90.4251,23.726,16.0,machine,0.0,0,68.73157894736842,6.792082937140214,N,1.0,0.0
2026-10-05T23:35:51,inference,ee0cb95f-946f-42b8-b4b7-2b37fa924dc9,5b0fa12a-3dd7-45bb-9766-cc326314d9f1,21.51044945800095,2.7740680076886667e-05,1.289637398374693e-06,4.037293958199999,0.0,3.0,2.303848576573703e-05,0.0,1.7083352152500688e-05,4.012183791823773e-05,0.0,Bangladesh,BGD,dhaka division,,,macOS-27.0.1-arm64-arm-64bit,3.12.4,3.2.8,10,Apple M5,0,,90.4251,23.726,16.0,machine,0.0,0,67.93684210526317,6.674812718441612,N,1.0,0.0
2026-10-05T23:36:13,inference,bf6c7621-8c8d-4caf-b632-d80a7a063076,5b0fa12a-3dd7-45bb-9766-cc326314d9f1,21.539378040994052,2.8233145336061944e-05,1.3107688291801285e-06,4.150215688,0.0,3.0,2.3723973745845763e-05,0.0,1.711012541668121e-05,4.083409916252698e-05,0.0,Bangladesh,BGD,dhaka division,,,macOS-27.0.1-arm64-arm-64bit,3.12.4,3.2.8,10,Apple M5,0,,90.4251,23.726,16.0,machine,0.0,0,71.0,7.179270694130345,N,1.0,0.0
2026-10-05T23:36:39,inference,5aec03e0-a87f-4900-aad5-20904f52a5e7,5b0fa12a-3dd7-45bb-9766-cc326314d9f1,21.55684262502473,2.828227630719648e-05,1.311986026857402e-06,4.118943338200001,0.0,3.0,2.378130649217869e-05,0.0,1.7123851665843784e-05,4.0905158158022475e-05,0.0,Bangladesh,BGD,dhaka division,,,macOS-27.0.1-arm64-arm-64bit,3.12.4,3.2.8,10,Apple M5,0,,90.4251,23.726,16.0,machine,0.0,0,70.76842105263158,6.903735512181332,N,1.0,0.0
2026-10-05T23:37:01,inference,30b5d264-15d3-4019-ad5e-7f45ffa4765d,5b0fa12a-3dd7-45bb-9766-cc326314d9f1,21.519413249974605,2.7896576654527967e-05,1.2963446693678272e-06,4.058620096,0.0,3.0,2.325697168276784e-05,0.0,1.70903422224607e-05,4.034731390522854e-05,0.0,Bangladesh,BGD,dhaka division,,,macOS-27.0.1-arm64-arm-64bit,3.12.4,3.2.8,10,Apple M5,0,,90.4251,23.726,16.0,machine,0.0,0,68.99473684210527,6.618506983706825,N,1.0,0.0
2026-10-05T23:37:24,inference,2f4542d7-b655-40f5-add1-1269a04f6bec,5b0fa12a-3dd7-45bb-9766-cc326314d9f1,21.527724790998036,2.929180250476443e-05,1.3606548201978592e-06,4.606169335600001,0.0,3.0,2.5265458848975637e-05,0.0,1.7099794964985143e-05,4.236525381396077e-05,0.0,Bangladesh,BGD,dhaka division,,,macOS-27.0.1-arm64-arm-64bit,3.12.4,3.2.8,10,Apple M5,0,,90.4251,23.726,16.0,machine,0.0,0,69.1263157894737,6.642412687602796,N,1.0,0.0
2026-10-05T23:37:47,inference,f020a860-f4b6-4aec-a08b-ddc50932b9c8,5b0fa12a-3dd7-45bb-9766-cc326314d9f1,21.548522500001127,2.9083405205514774e-05,1.3496705031870863e-06,4.258683765400001,0.0,3.0,2.4947129337403763e-05,0.0,1.711671576415635e-05,4.206384510156011e-05,0.0,Bangladesh,BGD,dhaka division,,,macOS-27.0.1-arm64-arm-64bit,3.12.4,3.2.8,10,Apple M5,0,,90.4251,23.726,16.0,machine,5.2631578947368425,0,70.32105263157895,6.717383133737664,N,1.0,0.0
2026-10-05T23:44:06,fedens_dt_iid_edgeiiot,4d873eff-c9ee-440f-8a16-b7402ea3e4fe,5b0fa12a-3dd7-45bb-9766-cc326314d9f1,22.361965374991996,0.0001368287938016,6.118817890429975e-06,29.661728521942855,0.0,3.0,0.0001801054428904,0.0,1.7792469930815668e-05,0.0001978979128212,0.0,Bangladesh,BGD,dhaka division,,,macOS-27.0.1-arm64-arm-64bit,3.12.4,3.2.8,10,Apple M5,0,,90.4251,23.726,16.0,machine,20.0,0,78.71000000000001,5.782188415527344,N,1.0,0.0
2026-10-05T23:45:34,fedens_dt_iid_cicids2017,e1ecb7bb-2dfc-49dc-a5e9-a0d9a9208149,5b0fa12a-3dd7-45bb-9766-cc326314d9f1,86.7017155829817,0.000576066257142,6.644231354230266e-06,32.726470728975,0.0,3.0,0.0007634486391914,0.0,6.972621215165417e-05,0.0008331748513431,0.0,Bangladesh,BGD,dhaka division,,,macOS-27.0.1-arm64-arm-64bit,3.12.4,3.2.8,10,Apple M5,0,,90.4251,23.726,16.0,machine,1.1904761904761905,0,78.82142857142857,5.50324703398205,N,1.0,0.0
2026-10-05T23:46:15,fedens_dt_iid_ciciot2023,728dfbcc-ee32-44dd-9bde-d8f9c9e6c12e,5b0fa12a-3dd7-45bb-9766-cc326314d9f1,39.65763100000913,0.0002374618883133,5.987798119188488e-06,29.0976745572,0.0,3.0,0.000311662033244,0.0,3.17833101383197e-05,0.0003434453433823,0.0,Bangladesh,BGD,dhaka division,,,macOS-27.0.1-arm64-arm-64bit,3.12.4,3.2.8,10,Apple M5,0,,90.4251,23.726,16.0,machine,8.108108108108109,0,77.4972972972973,5.584538227802998,N,1.0,0.0
2026-10-05T23:46:35,fedens_dt_iid_toniot_network,16c8e528-8447-415d-b17c-e0be85f6c485,5b0fa12a-3dd7-45bb-9766-cc326314d9f1,18.73698533399147,9.57646898525208e-05,5.110997748329903e-06,23.0610306109,0.0,3.0,0.000123735544668,0.0,1.4770625833334633e-05,0.0001385061705013,0.0,Bangladesh,BGD,dhaka division,,,macOS-27.0.1-arm64-arm-64bit,3.12.4,3.2.8,10,Apple M5,0,,90.4251,23.726,16.0,machine,0.0,0,75.73529411764706,5.622607960420496,N,1.0,0.0
2026-10-05T23:46:59,fedens_dt_alpha2.0_edgeiiot,a70fda93-99f3-4003-9abc-28eda80ecf00,5b0fa12a-3dd7-45bb-9766-cc326314d9f1,22.264687624992803,0.0001035070083711,4.648931532950424e-06,21.66516967497143,0.0,3.0,0.0001319891083186,0.0,1.7714914861668755e-05,0.0001497040231803,0.0,Bangladesh,BGD,dhaka division,,,macOS-27.0.1-arm64-arm-64bit,3.12.4,3.2.8,10,Apple M5,0,,90.4251,23.726,16.0,machine,5.0,0,76.89500000000001,5.635716247558594,N,1.0,0.0
2026-10-05T23:48:29,fedens_dt_alpha2.0_cicids2017,c8768f64-5ab2-46d3-b3ad-12a700f3b70d,5b0fa12a-3dd7-45bb-9766-cc326314d9f1,89.2384923339996,0.0006068007667508,6.799764887103734e-06,33.44622066934286,0.0,3.0,0.0008057800941208,0.0,7.184662392501196e-05,0.0008776267180458,0.0,Bangladesh,BGD,dhaka division,,,macOS-27.0.1-arm64-arm-64bit,3.12.4,3.2.8,10,Apple M5,0,,90.4251,23.726,16.0,machine,5.747126436781609,0,77.48850574712644,5.5096396961431395,N,1.0,0.0
2026-10-05T23:49:10,fedens_dt_alpha2.0_ciciot2023,c19a78c9-76e1-40dd-9ad0-d72d6bb9cdaa,5b0fa12a-3dd7-45bb-9766-cc326314d9f1,40.10667095798999,0.0002364292117181,5.895009634824985e-06,28.1987087286,0.0,3.0,0.0003097947529854,0.0,3.2157011909997284e-05,0.0003419517648954,0.0,Bangladesh,BGD,dhaka division,,,macOS-27.0.1-arm64-arm-64bit,3.12.4,3.2.8,10,Apple M5,0,,90.4251,23.726,16.0,machine,5.2631578947368425,0,77.4342105263158,5.426288805509868,N,1.0,0.0
2026-10-05T23:49:31,fedens_dt_alpha2.0_toniot_network,23577647-9a61-43fb-b2ef-89a878c37d11,5b0fa12a-3dd7-45bb-9766-cc326314d9f1,18.91402570798527,0.0001016013780053,5.371747906762945e-06,18.305582681800004,0.0,3.0,0.0001320277022391,0.0,1.492017392331036e-05,0.0001469478761624,0.0,Bangladesh,BGD,dhaka division,,,macOS-27.0.1-arm64-arm-64bit,3.12.4,3.2.8,10,Apple M5,0,,90.4251,23.726,16.0,machine,5.882352941176471,0,77.04705882352941,5.417108872357537,N,1.0,0.0
2026-10-05T23:49:52,fedens_dt_alpha1.0_edgeiiot,1a30abb5-5740-473e-82bc-ec5e454f13e3,5b0fa12a-3dd7-45bb-9766-cc326314d9f1,20.472625916998368,0.0001219091362596,5.954738622878319e-06,30.219388890400005,0.0,3.0,0.0001601012186875,0.0,1.621812864667542e-05,0.0001763193473342,0.0,Bangladesh,BGD,dhaka division,,,macOS-27.0.1-arm64-arm-64bit,3.12.4,3.2.8,10,Apple M5,0,,90.4251,23.726,16.0,machine,0.0,0,77.21111111111111,5.514708624945746,N,1.0,0.0
2026-10-05T23:51:13,fedens_dt_alpha1.0_cicids2017,e7235466-e8c3-4a18-847c-590b7938693a,5b0fa12a-3dd7-45bb-9766-cc326314d9f1,79.66624216700438,0.0005182858406648,6.505714673705725e-06,31.009663635400003,0.0,3.0,0.0006857476628082,0.0,6.385834673584517e-05,0.000749606009544,0.0,Bangladesh,BGD,dhaka division,,,macOS-27.0.1-arm64-arm-64bit,3.12.4,3.2.8,10,Apple M5,0,,90.4251,23.726,16.0,machine,9.090909090909092,0,77.67012987012987,5.4658652962028205,N,1.0,0.0
2026-10-05T23:51:50,fedens_dt_alpha1.0_ciciot2023,ad57aca5-f43d-4d80-a359-6642122aabaa,5b0fa12a-3dd7-45bb-9766-cc326314d9f1,35.01745441701496,0.0002151445499756,6.143923182237031e-06,28.02447475235,0.0,3.0,0.0002832469633013,0.0,2.7920417569985148e-05,0.0003111673808713,0.0,Bangladesh,BGD,dhaka division,,,macOS-27.0.1-arm64-arm-64bit,3.12.4,3.2.8,10,Apple M5,0,,90.4251,23.726,16.0,machine,6.0606060606060606,0,77.6909090909091,5.455013853130919,N,1.0,0.0
2026-10-05T23:52:08,fedens_dt_alpha1.0_toniot_network,5dfcd10a-0fbc-4726-aa44-32aeb461fc22,5b0fa12a-3dd7-45bb-9766-cc326314d9f1,16.929869499988854,0.0001094324286361,6.463867228050683e-06,14.686989557200002,0.0,3.0,0.0001312440695383,0.0,2.7029994131662534e-05,0.00015827406367,0.0,Bangladesh,BGD,dhaka division,,,macOS-27.0.1-arm64-arm-64bit,3.12.4,3.2.8,10,Apple M5,0,,90.4251,23.726,16.0,machine,6.666666666666667,0,76.60666666666665,5.649290974934896,N,1.0,0.0
2026-10-05T23:52:26,fedens_dt_alpha0.5_edgeiiot,14a43824-337d-417f-86b1-53da3342e4be,5b0fa12a-3dd7-45bb-9766-cc326314d9f1,17.19406066701049,8.281984450367335e-05,4.8167705178903e-06,18.069687142600003,0.0,3.0,0.000106290199166,0.0,1.3493611770827555e-05,0.0001197838109368,0.0,Bangladesh,BGD,dhaka division,,,macOS-27.0.1-arm64-arm-64bit,3.12.4,3.2.8,10,Apple M5,0,,90.4251,23.726,16.0,machine,20.0,0,76.88000000000001,5.6033935546875,N,1.0,0.0
2026-10-05T23:53:01,fedens_dt_alpha0.5_cicids2017,c23b9e4c-aab5-4d35-8e60-f2c276fc0c5c,5b0fa12a-3dd7-45bb-9766-cc326314d9f1,33.9072785419994,0.0001958925301127,5.77730028878885e-06,21.3548743444,0.0,3.0,0.0002563330737049,0.0,2.6989769166660457e-05,0.0002833228428716,0.0,Bangladesh,BGD,dhaka division,,,macOS-27.0.1-arm64-arm-64bit,3.12.4,3.2.8,10,Apple M5,0,,90.4251,23.726,16.0,machine,6.25,0,78.134375,5.38984489440918,N,1.0,0.0
2026-10-05T23:53:31,fedens_dt_alpha0.5_ciciot2023,6b5f7674-7561-4305-9d07-dbcfac43b016,5b0fa12a-3dd7-45bb-9766-cc326314d9f1,28.85435849998612,0.0001912435251699,6.627890381622878e-06,32.45854122682857,0.0,3.0,0.0002533959235771,0.0,2.3202980938343295e-05,0.0002765989045154,0.0,Bangladesh,BGD,dhaka division,,,macOS-27.0.1-arm64-arm-64bit,3.12.4,3.2.8,10,Apple M5,0,,90.4251,23.726,16.0,machine,7.407407407407407,0,78.03703703703704,5.553644250940393,N,1.0,0.0
2026-10-05T23:53:45,fedens_dt_alpha0.5_toniot_network,1c18008c-b915-47b7-bd67-3811c36ae44a,5b0fa12a-3dd7-45bb-9766-cc326314d9f1,12.106260708009358,4.22808670814767e-05,3.4924794782838423e-06,15.97684880690909,0.0,3.0,5.148432811998322e-05,0.0,9.667240312507296e-06,6.115156843249051e-05,0.0,Bangladesh,BGD,dhaka division,,,macOS-27.0.1-arm64-arm-64bit,3.12.4,3.2.8,10,Apple M5,0,,90.4251,23.726,16.0,machine,0.0,0,77.75,5.4805908203125,N,1.0,0.0
2026-10-05T23:54:08,inference,04e459a8-e6a9-4650-8c2e-2cee54c117e4,5b0fa12a-3dd7-45bb-9766-cc326314d9f1,21.717767499998445,2.9455326519040455e-05,1.3562778273154717e-06,4.4055327384571425,0.0,3.0,2.5345796567913805e-05,0.0,1.7255964930009217e-05,4.260176149792302e-05,0.0,Bangladesh,BGD,dhaka division,,,macOS-27.0.1-arm64-arm-64bit,3.12.4,3.2.8,10,Apple M5,0,,90.4251,23.726,16.0,machine,0.0,0,76.80499999999999,5.763846588134766,N,1.0,0.0
2026-10-05T23:54:32,inference,4c1004f5-4670-4dbb-9806-6a8571067181,5b0fa12a-3dd7-45bb-9766-cc326314d9f1,21.8070853750105,2.906270870670319e-05,1.3327186190598016e-06,4.301667937085715,0.0,3.0,2.4702217533857743e-05,0.0,1.7331693854163558e-05,4.2033911388021295e-05,0.0,Bangladesh,BGD,dhaka division,,,macOS-27.0.1-arm64-arm-64bit,3.12.4,3.2.8,10,Apple M5,0,,90.4251,23.726,16.0,machine,5.0,0,77.435,5.9127037048339846,N,1.0,0.0
2026-10-05T23:54:55,inference,8664bd8d-0b3e-4f82-9d34-d67d39bea4e3,5b0fa12a-3dd7-45bb-9766-cc326314d9f1,21.639117292012088,2.783125269485431e-05,1.286154713211338e-06,4.018981728742857,0.0,3.0,2.3062345188872932e-05,0.0,1.7190489514153645e-05,4.025283470302658e-05,0.0,Bangladesh,BGD,dhaka division,,,macOS-27.0.1-arm64-arm-64bit,3.12.4,3.2.8,10,Apple M5,0,,90.4251,23.726,16.0,machine,0.0,0,75.905,5.6447509765625,N,1.0,0.0
2026-10-05T23:55:18,inference,7771b6d4-3993-486c-b4cc-69acc42f15a8,5b0fa12a-3dd7-45bb-9766-cc326314d9f1,21.650033166981306,2.7826503324726855e-05,1.285286868158953e-06,4.016368164914287,0.0,3.0,2.3046339944726644e-05,0.0,1.719962565999595e-05,4.024596560472259e-05,0.0,Bangladesh,BGD,dhaka division,,,macOS-27.0.1-arm64-arm-64bit,3.12.4,3.2.8,10,Apple M5,0,,90.4251,23.726,16.0,machine,0.0,0,76.675,5.851382446289063,N,1.0,0.0
2026-10-05T23:55:41,inference,9a641dbc-b78b-4a1d-85fe-acb22007bd80,5b0fa12a-3dd7-45bb-9766-cc326314d9f1,21.537762334017316,2.773547300549352e-05,1.2877601941817036e-06,4.0297143832,0.0,3.0,2.3007754755119367e-05,0.0,1.7106552083350836e-05,4.01143068384702e-05,0.0,Bangladesh,BGD,dhaka division,,,macOS-27.0.1-arm64-arm-64bit,3.12.4,3.2.8,10,Apple M5,0,,90.4251,23.726,16.0,machine,0.0,0,75.9,5.777520430715461,N,1.0,0.0
2026-10-05T23:56:04,inference,b9270191-5faa-4d1d-8f47-6d3b37aa47ae,5b0fa12a-3dd7-45bb-9766-cc326314d9f1,21.55310316599207,2.7819586984204734e-05,1.2907462452135592e-06,4.0528415278,0.0,3.0,2.3117150782037947e-05,0.0,1.711881159664093e-05,4.0235962378678874e-05,0.0,Bangladesh,BGD,dhaka division,,,macOS-27.0.1-arm64-arm-64bit,3.12.4,3.2.8,10,Apple M5,0,,90.4251,23.726,16.0,machine,0.0,0,76.36842105263158,5.8322496916118425,N,1.0,0.0
2026-10-05T23:56:27,inference,f4e515b2-c494-4d15-a00b-389a6a300d7b,5b0fa12a-3dd7-45bb-9766-cc326314d9f1,21.51996912501636,2.897478727282129e-05,1.3464139797086842e-06,4.2698710396,0.0,3.0,2.4814705794474456e-05,0.0,1.7092043263352632e-05,4.190674905782709e-05,0.0,Bangladesh,BGD,dhaka division,,,macOS-27.0.1-arm64-arm-64bit,3.12.4,3.2.8,10,Apple M5,0,,90.4251,23.726,16.0,machine,0.0,0,77.65789473684211,5.715471769634046,N,1.0,0.0
2026-10-05T23:56:50,inference,872afbd1-b4b2-4a29-a6e8-cdde20207c5a,5b0fa12a-3dd7-45bb-9766-cc326314d9f1,21.516581916017454,2.7933229064678895e-05,1.2982187028453965e-06,4.0702576228,0.0,3.0,2.331194879069755e-05,0.0,1.7088376145814738e-05,4.040032493651229e-05,0.0,Bangladesh,BGD,dhaka division,,,macOS-27.0.1-arm64-arm-64bit,3.12.4,3.2.8,10,Apple M5,0,,90.4251,23.726,16.0,machine,0.0,0,76.58421052631579,5.454488653885691,N,1.0,0.0
2026-10-05T23:57:17,inference,36a1a592-515a-426a-8605-03554edc99cf,5b0fa12a-3dd7-45bb-9766-cc326314d9f1,21.928182624978945,2.8684044328685764e-05,1.308090361123272e-06,4.092052255942858,0.0,3.0,2.4053651439479256e-05,0.0,1.7432590938333306e-05,4.1486242377812566e-05,0.0,Bangladesh,BGD,dhaka division,,,macOS-27.0.1-arm64-arm-64bit,3.12.4,3.2.8,10,Apple M5,0,,90.4251,23.726,16.0,machine,0.0,0,81.10499999999999,6.233101654052734,N,1.0,0.0
2026-10-05T23:57:49,inference,7654c84a-eab1-4ca4-994d-b5af28045b40,5b0fa12a-3dd7-45bb-9766-cc326314d9f1,24.7509490409866,3.219518369024803e-05,1.3007656246608593e-06,4.059475759600001,0.0,3.0,2.678116655646518e-05,0.0,1.9783298993327964e-05,4.6564465549793144e-05,0.0,Bangladesh,BGD,dhaka division,,,macOS-27.0.1-arm64-arm-64bit,3.12.4,3.2.8,10,Apple M5,0,,90.4251,23.726,16.0,machine,0.0,0,82.29130434782608,7.451168557871943,N,1.0,0.0
2026-10-05T23:58:15,inference,14d8e7c1-6291-482f-8c9f-4aa418a59dbe,5b0fa12a-3dd7-45bb-9766-cc326314d9f1,21.702828582987426,2.7925947530592495e-05,1.2867422983049914e-06,4.021795941142857,0.0,3.0,2.314484876703474e-05,0.0,1.7244944757500584e-05,4.038979352453533e-05,0.0,Bangladesh,BGD,dhaka division,,,macOS-27.0.1-arm64-arm-64bit,3.12.4,3.2.8,10,Apple M5,0,,90.4251,23.726,16.0,machine,10.0,0,80.35499999999999,6.529425811767578,N,1.0,0.0
2026-10-05T23:58:42,inference,8505c2d4-9440-4094-ae6c-da8a52865355,5b0fa12a-3dd7-45bb-9766-cc326314d9f1,22.72155158300302,3.0063624971756296e-05,1.3231325713797447e-06,4.29840003775,0.0,3.0,2.538610066493726e-05,0.0,1.8095453680822784e-05,4.348155434576004e-05,0.0,Bangladesh,BGD,dhaka division,,,macOS-27.0.1-arm64-arm-64bit,3.12.4,3.2.8,10,Apple M5,0,,90.4251,23.726,16.0,machine,4.761904761904762,0,83.0,7.048794700985863,N,1.0,0.0
2026-10-05T23:59:07,inference,8a54799f-90ff-4461-8f86-5697b699fe99,5b0fa12a-3dd7-45bb-9766-cc326314d9f1,21.54334462500992,2.772361325473989e-05,1.2868760045065248e-06,4.026911167000001,0.0,3.0,2.2983244356321056e-05,0.0,1.7113909514155237e-05,4.0097153870476296e-05,0.0,Bangladesh,BGD,dhaka division,,,macOS-27.0.1-arm64-arm-64bit,3.12.4,3.2.8,10,Apple M5,0,,90.4251,23.726,16.0,machine,0.0,0,68.51578947368421,5.6428881193462175,N,1.0,0.0
2026-10-05T23:59:30,inference,0bcc5ea6-512b-407d-b4c8-4511710c6cf6,5b0fa12a-3dd7-45bb-9766-cc326314d9f1,21.522414709004806,1.5770913873144344e-07,7.327669356053212e-09,4.026276381400001,0.0,3.0,2.2966299493205796e-05,0.0,1.7088289860839723e-05,4.005458935404552e-05,0.0,Canada,CAN,quebec,,,macOS-27.0.1-arm64-arm-64bit,3.12.4,3.2.8,10,Apple M5,0,,-71.2,46.8,16.0,machine,0.0,0,68.47368421052632,5.73560293097245,N,1.0,0.0
2026-10-05T23:59:52,inference,15ff42c0-cf79-47f5-8bac-506f2431beef,5b0fa12a-3dd7-45bb-9766-cc326314d9f1,21.52249591599684,2.767146684455766e-05,1.285699714036908e-06,4.029096127000001,0.0,3.0,2.29284138002954e-05,0.0,1.709331979167473e-05,4.002173359197013e-05,0.0,Bangladesh,BGD,dhaka division,,,macOS-27.0.1-arm64-arm-64bit,3.12.4,3.2.8,10,Apple M5,0,,90.4251,23.726,16.0,machine,0.0,0,68.3,5.862873278166118,N,1.0,0.0
2026-10-06T00:00:15,inference,27bc0487-3bf5-43f8-8cf2-fc1f4744ca71,5b0fa12a-3dd7-45bb-9766-cc326314d9f1,21.524364875018364,2.8304739444560835e-05,1.315009274787565e-06,4.1507230461999995,0.0,3.0,2.3840594735555297e-05,0.0,1.7097052256697985e-05,4.093764699225328e-05,0.0,Bangladesh,BGD,dhaka division,,,macOS-27.0.1-arm64-arm-64bit,3.12.4,3.2.8,10,Apple M5,0,,90.4251,23.726,16.0,machine,0.0,0,71.3578947368421,6.301482351202714,N,1.0,0.0
2026-10-06T00:00:39,inference,c111073a-460c-4429-8b12-6c3bd1aa7e49,5b0fa12a-3dd7-45bb-9766-cc326314d9f1,21.55054066699813,2.9212910462038272e-05,1.3555534830165105e-06,4.3418935534,0.0,3.0,2.513447526243783e-05,0.0,1.711667559000489e-05,4.225115085244272e-05,0.0,Bangladesh,BGD,dhaka division,,,macOS-27.0.1-arm64-arm-64bit,3.12.4,3.2.8,10,Apple M5,0,,90.4251,23.726,16.0,machine,0.0,0,73.56315789473685,6.335188213147615,N,1.0,0.0
2026-10-06T00:02:50,inference,01fe10a6-3538-4f12-9896-a13ecc102743,5b0fa12a-3dd7-45bb-9766-cc326314d9f1,21.55181245901622,2.8321845167821615e-05,1.314128230360187e-06,4.133471747800001,0.0,3.0,2.3845249664218996e-05,0.0,1.7117137639167295e-05,4.096238730338629e-05,0.0,Bangladesh,BGD,dhaka division,,,macOS-27.0.1-arm64-arm-64bit,3.12.4,3.2.8,10,Apple M5,0,,90.4251,23.726,16.0,machine,0.0,0,80.09473684210526,7.729881688168175,N,1.0,0.0
2026-10-06T00:03:20,inference,60088465-9e49-40d6-925d-2655654d1a14,5b0fa12a-3dd7-45bb-9766-cc326314d9f1,24.400584083021386,3.1582878921367703e-05,1.2943492997507368e-06,4.0285808136000005,0.0,3.0,2.6187191802438497e-05,0.0,1.9491686493347517e-05,4.567887829578601e-05,0.0,Bangladesh,BGD,dhaka division,,,macOS-27.0.1-arm64-arm-64bit,3.12.4,3.2.8,10,Apple M5,0,,90.4251,23.726,16.0,machine,0.0,0,75.35909090909091,7.531967856667259,N,1.0,0.0
2026-10-06T00:03:45,inference,803b6555-3231-4138-bb3d-7903fb6ce5de,5b0fa12a-3dd7-45bb-9766-cc326314d9f1,21.834529417013982,2.8141761646659323e-05,1.2888650407427876e-06,4.027580152342857,0.0,3.0,2.3345048824880785e-05,0.0,1.7356880485846584e-05,4.070192931072737e-05,0.0,Bangladesh,BGD,dhaka division,,,macOS-27.0.1-arm64-arm-64bit,3.12.4,3.2.8,10,Apple M5,0,,90.4251,23.726,16.0,machine,0.0,0,75.3,7.277909851074218,N,1.0,0.0
2026-10-06T00:04:11,inference,df50e3b1-498d-4d27-8e61-fb0c2c02b098,5b0fa12a-3dd7-45bb-9766-cc326314d9f1,23.046171124995453,2.979304887089341e-05,1.2927548228859767e-06,4.032765078400001,0.0,3.0,2.472736932159021e-05,0.0,1.8362846007488163e-05,4.3090215329078376e-05,0.0,Bangladesh,BGD,dhaka division,,,macOS-27.0.1-arm64-arm-64bit,3.12.4,3.2.8,10,Apple M5,0,,90.4251,23.726,16.0,machine,0.0,0,78.75714285714287,7.411617460704985,N,1.0,0.0
2026-10-06T00:04:37,inference,e2d8f70e-f10c-43d4-b1a7-763d9b62cef4,5b0fa12a-3dd7-45bb-9766-cc326314d9f1,21.543472250021296,2.805210345300363e-05,1.3021161643511714e-06,4.0820734636000005,0.0,3.0,2.3461499102363237e-05,0.0,1.7110755971686255e-05,4.0572255074049485e-05,0.0,Bangladesh,BGD,dhaka division,,,macOS-27.0.1-arm64-arm-64bit,3.12.4,3.2.8,10,Apple M5,0,,90.4251,23.726,16.0,machine,0.0,0,72.86842105263158,5.726890162417763,N,1.0,0.0
2026-10-06T00:04:59,inference,bbb714cd-0fda-447f-b21a-4d06e0f55bd0,5b0fa12a-3dd7-45bb-9766-cc326314d9f1,21.525285000010623,2.7754106021191967e-05,1.2893722903635543e-06,4.0466759488,0.0,3.0,2.3045519572280393e-05,0.0,1.7095736527480767e-05,4.014125609976116e-05,0.0,Bangladesh,BGD,dhaka division,,,macOS-27.0.1-arm64-arm-64bit,3.12.4,3.2.8,10,Apple M5,0,,90.4251,23.726,16.0,machine,0.0,0,73.17894736842106,5.91809804815995,N,1.0,0.0
2026-10-06T00:05:22,inference,d6efad1b-1064-43af-8736-4864980b0e33,5b0fa12a-3dd7-45bb-9766-cc326314d9f1,21.5405761669972,2.781184748098163e-05,1.291137584499378e-06,4.052264363200001,0.0,3.0,2.3115889535304585e-05,0.0,1.7108879062507187e-05,4.0224768597811765e-05,0.0,Bangladesh,BGD,dhaka division,,,macOS-27.0.1-arm64-arm-64bit,3.12.4,3.2.8,10,Apple M5,0,,90.4251,23.726,16.0,machine,0.0,0,72.62105263157895,5.8223732396175985,N,1.0,0.0
2026-10-06T00:05:45,inference,b54c0f0c-7868-40a9-a403-46215c971226,5b0fa12a-3dd7-45bb-9766-cc326314d9f1,21.51894208299927,3.0268139604846257e-05,1.40658121054934e-06,4.4553208810000005,0.0,3.0,2.668701012752678e-05,0.0,1.7090337361660205e-05,4.377734748918698e-05,0.0,Bangladesh,BGD,dhaka division,,,macOS-27.0.1-arm64-arm-64bit,3.12.4,3.2.8,10,Apple M5,0,,90.4251,23.726,16.0,machine,5.2631578947368425,0,73.93684210526315,6.079038921155427,N,1.0,0.0
2026-10-06T00:06:10,inference,606d7191-3c6f-4a88-97eb-455b3ab33155,5b0fa12a-3dd7-45bb-9766-cc326314d9f1,21.550029457983328,1.6011473532610516e-07,7.429907956194916e-09,4.1762133088,0.0,3.0,2.3549111530110987e-05,0.0,1.7116445485832326e-05,4.066555701594331e-05,0.0,Canada,CAN,quebec,,,macOS-27.0.1-arm64-arm-64bit,3.12.4,3.2.8,10,Apple M5,0,,-71.2,46.8,16.0,machine,0.0,0,75.16842105263159,6.193914313065378,N,1.0,0.0
2026-10-06T00:06:32,inference,35169743-f802-4034-8b3e-ea593aa72b1e,5b0fa12a-3dd7-45bb-9766-cc326314d9f1,21.520885875012027,2.775310898598425e-05,1.2895895246676847e-06,4.0360969924,0.0,3.0,2.304377306255908e-05,0.0,1.7096041007486446e-05,4.013981407004553e-05,0.0,Bangladesh,BGD,dhaka division,,,macOS-27.0.1-arm64-arm-64bit,3.12.4,3.2.8,10,Apple M5,0,,90.4251,23.726,16.0,machine,0.0,0,74.2421052631579,5.633401168020148,N,1.0,0.0
2026-10-06T00:06:55,inference,b9f5b12f-d4a3-4435-a1d9-a2d9b32d1539,5b0fa12a-3dd7-45bb-9766-cc326314d9f1,21.537262708996423,2.7797215607485186e-05,1.2906568482295518e-06,4.0466897656,0.0,3.0,2.3097846745360364e-05,0.0,1.7105759514136784e-05,4.020360625949715e-05,0.0,Bangladesh,BGD,dhaka division,,,macOS-27.0.1-arm64-arm-64bit,3.12.4,3.2.8,10,Apple M5,0,,90.4251,23.726,16.0,machine,0.0,0,73.0578947368421,5.618987234015214,N,1.0,0.0
2026-10-06T00:07:17,inference,5270c16a-7524-46cb-b0e1-03eef1ac3117,5b0fa12a-3dd7-45bb-9766-cc326314d9f1,21.520713333011372,2.8018782423693576e-05,1.3019448746949568e-06,4.082471890000001,0.0,3.0,2.3428135021330217e-05,0.0,1.7095927256668802e-05,4.0524062277999015e-05,0.0,Bangladesh,BGD,dhaka division,,,macOS-27.0.1-arm64-arm-64bit,3.12.4,3.2.8,10,Apple M5,0,,90.4251,23.726,16.0,machine,5.2631578947368425,0,74.6842105263158,5.576242547286184,N,1.0,0.0
2026-10-06T00:07:42,inference,f8d0c53e-a085-409f-9494-5c23aa631a1b,5b0fa12a-3dd7-45bb-9766-cc326314d9f1,21.54631233398686,1.6046474161416457e-07,7.4474341189721656e-09,4.12242991,0.0,3.0,2.363799372642379e-05,0.0,1.711645704832336e-05,4.075445077474714e-05,0.0,Canada,CAN,quebec,,,macOS-27.0.1-arm64-arm-64bit,3.12.4,3.2.8,10,Apple M5,0,,-71.2,46.8,16.0,machine,0.0,0,74.8157894736842,5.941851967259457,N,1.0,0.0
2026-10-06T00:08:05,inference,cef1d5a9-31d7-4e70-bc2c-5c07781d3ce1,5b0fa12a-3dd7-45bb-9766-cc326314d9f1,21.53815616600332,2.8729656171387613e-05,1.3338958056556227e-06,4.191011534199999,0.0,3.0,2.44433304495686e-05,0.0,1.710888114583213e-05,4.155221159540073e-05,0.0,Bangladesh,BGD,dhaka division,,,macOS-27.0.1-arm64-arm-64bit,3.12.4,3.2.8,10,Apple M5,0,,90.4251,23.726,16.0,machine,0.0,0,74.84210526315789,5.7939613743832235,N,1.0,0.0
2026-10-06T00:08:28,inference,4ec5891e-c9b4-4a05-8c74-61b542c014c5,5b0fa12a-3dd7-45bb-9766-cc326314d9f1,21.5136643750011,2.817822850079155e-05,1.3097828435742763e-06,4.1068265446000005,0.0,3.0,2.3667293392383463e-05,0.0,1.708737857666468e-05,4.075467196904815e-05,0.0,Bangladesh,BGD,dhaka division,,,macOS-27.0.1-arm64-arm-64bit,3.12.4,3.2.8,10,Apple M5,0,,90.4251,23.726,16.0,machine,0.0,0,75.10000000000001,5.88964120965255,N,1.0,0.0
2026-10-06T00:08:50,inference,b7b11816-a0f8-43cd-bca1-1850a130ee83,5b0fa12a-3dd7-45bb-9766-cc326314d9f1,21.5248048750218,2.9219499785412734e-05,1.3574803560389136e-06,4.272878251,0.0,3.0,2.516715964945733e-05,0.0,1.7093521458324783e-05,4.226068110778211e-05,0.0,Bangladesh,BGD,dhaka division,,,macOS-27.0.1-arm64-arm-64bit,3.12.4,3.2.8,10,Apple M5,0,,90.4251,23.726,16.0,machine,0.0,0,75.0,6.0298004150390625,N,1.0,0.0
2026-10-06T00:09:16,inference,25ed4c0f-05ce-40c2-a75f-37ea75c820d7,5b0fa12a-3dd7-45bb-9766-cc326314d9f1,21.518925707991,2.790507685685067e-05,1.2967690504404774e-06,4.1132980168,0.0,3.0,2.3266987134518993e-05,0.0,1.709262076418478e-05,4.035960789870377e-05,0.0,Bangladesh,BGD,dhaka division,,,macOS-27.0.1-arm64-arm-64bit,3.12.4,3.2.8,10,Apple M5,0,,90.4251,23.726,16.0,machine,0.0,0,74.77368421052631,5.936292146381579,N,1.0,0.0
2026-10-06T00:09:38,inference,b64d04c6-c3e2-4f96-9917-c9c3de0cbede,5b0fa12a-3dd7-45bb-9766-cc326314d9f1,21.541598708019592,3.027078089950596e-05,1.405224436208471e-06,4.4940473638,0.0,3.0,2.667187170302492e-05,0.0,1.7109295937504308e-05,4.378116764052923e-05,0.0,Bangladesh,BGD,dhaka division,,,macOS-27.0.1-arm64-arm-64bit,3.12.4,3.2.8,10,Apple M5,0,,90.4251,23.726,16.0,machine,0.0,0,78.38947368421053,5.963292975174753,N,1.0,0.0
2026-10-06T00:10:01,inference,1d339c9d-2cef-4d49-b768-842db541e4b2,5b0fa12a-3dd7-45bb-9766-cc326314d9f1,21.537033083004644,2.807588270645989e-05,1.3036095825387944e-06,4.0864541398,0.0,3.0,2.350121399285336e-05,0.0,1.7105433437488198e-05,4.060664743034156e-05,0.0,Bangladesh,BGD,dhaka division,,,macOS-27.0.1-arm64-arm-64bit,3.12.4,3.2.8,10,Apple M5,0,,90.4251,23.726,16.0,machine,10.526315789473683,0,74.83684210526314,5.6892772473787,N,1.0,0.0
2026-10-06T00:10:24,inference,542d2905-57e1-4e41-996f-65adfe2fca43,5b0fa12a-3dd7-45bb-9766-cc326314d9f1,21.52032083299127,2.8337754134941136e-05,1.3167905048840414e-06,4.3984247014,0.0,3.0,2.3890092072358015e-05,0.0,1.7095304652514944e-05,4.098539672487296e-05,0.0,Bangladesh,BGD,dhaka division,,,macOS-27.0.1-arm64-arm-64bit,3.12.4,3.2.8,10,Apple M5,0,,90.4251,23.726,16.0,machine,0.0,0,75.55263157894737,5.920652690686677,N,1.0,0.0
2026-10-06T00:10:53,inference,67623b42-ba75-44ce-bdf3-983aba11be0f,5b0fa12a-3dd7-45bb-9766-cc326314d9f1,22.98500950000016,4.853226302584393e-05,2.1114745689290923e-06,7.7194800271,0.0,3.0,5.1881642672414486e-05,0.0,1.831143066000853e-05,7.019307333242302e-05,0.0,Bangladesh,BGD,dhaka division,,,macOS-27.0.1-arm64-arm-64bit,3.12.4,3.2.8,10,Apple M5,0,,90.4251,23.726,16.0,machine,0.0,0,86.88571428571429,8.342199416387649,N,1.0,0.0
2026-10-06T00:11:21,inference,dadea6f7-cf8c-41e3-9ce5-bee4a57ae7e6,5b0fa12a-3dd7-45bb-9766-cc326314d9f1,22.832267041987507,3.132412718290127e-05,1.3719236519657735e-06,4.5179439424000005,0.0,3.0,2.711824939761213e-05,0.0,1.8186391666677083e-05,4.530464106428922e-05,0.0,Bangladesh,BGD,dhaka division,,,macOS-27.0.1-arm64-arm-64bit,3.12.4,3.2.8,10,Apple M5,0,,90.4251,23.726,16.0,machine,0.0,0,88.45238095238095,9.54599362327939,N,1.0,0.0
2026-10-06T00:11:46,inference,72e0a46f-8397-43b8-90ac-f2ae97a138b1,5b0fa12a-3dd7-45bb-9766-cc326314d9f1,22.034524791990407,3.389445949204003e-05,1.5382432710489283e-06,4.957000949371428,0.0,3.0,3.150294392452286e-05,0.0,1.751921437501248e-05,4.902215829953534e-05,0.0,Bangladesh,BGD,dhaka division,,,macOS-27.0.1-arm64-arm-64bit,3.12.4,3.2.8,10,Apple M5,0,,90.4251,23.726,16.0,machine,5.0,0,85.765,7.850848388671875,N,1.0,0.0
2026-10-06T00:12:11,inference,a3801b6e-b641-4f02-852f-fb710838cbb5,5b0fa12a-3dd7-45bb-9766-cc326314d9f1,21.76332004199503,2.954732225262507e-05,1.3576661187543924e-06,4.328497208114286,0.0,3.0,2.54409774634357e-05,0.0,1.7293839096649512e-05,4.273481656008521e-05,0.0,Bangladesh,BGD,dhaka division,,,macOS-27.0.1-arm64-arm-64bit,3.12.4,3.2.8,10,Apple M5,0,,90.4251,23.726,16.0,machine,0.0,0,84.92999999999999,7.21528549194336,N,1.0,0.0
2026-10-06T00:12:46,inference,ae6f07ed-986a-43c1-9c39-984352bf6d79,5b0fa12a-3dd7-45bb-9766-cc326314d9f1,21.875086040992755,3.027880742742005e-05,1.3841686094710286e-06,4.365010144857143,0.0,3.0,2.6405744779475365e-05,0.0,1.7387031770825464e-05,4.379277655030083e-05,0.0,Bangladesh,BGD,dhaka division,,,macOS-27.0.1-arm64-arm-64bit,3.12.4,3.2.8,10,Apple M5,0,,90.4251,23.726,16.0,machine,5.0,0,83.625,8.662940216064452,N,1.0,0.0
2026-10-06T00:13:16,inference,5759fc52-b415-4000-88f3-d1e903b83bff,5b0fa12a-3dd7-45bb-9766-cc326314d9f1,22.29466862499248,3.0034030629393753e-05,1.3471395845608305e-06,4.687826953085715,0.0,3.0,2.570220159235401e-05,0.0,1.773654993082649e-05,4.34387515231805e-05,0.0,Bangladesh,BGD,dhaka division,,,macOS-27.0.1-arm64-arm-64bit,3.12.4,3.2.8,10,Apple M5,0,,90.4251,23.726,16.0,machine,5.0,0,87.71000000000001,9.340726470947263,N,1.0,0.0
2026-10-06T00:13:43,inference,9d5bc136-15bd-482c-a8f9-3b76a150c002,5b0fa12a-3dd7-45bb-9766-cc326314d9f1,22.338117750012316,3.0952487296998554e-05,1.3856354256607628e-06,4.391273128171429,0.0,3.0,2.699238354168295e-05,0.0,1.777474816000904e-05,4.4767131701691985e-05,0.0,Bangladesh,BGD,dhaka division,,,macOS-27.0.1-arm64-arm-64bit,3.12.4,3.2.8,10,Apple M5,0,,90.4251,23.726,16.0,machine,5.0,0,85.795,7.564649200439453,N,1.0,0.0
2026-10-06T00:14:10,inference,8c3961fe-36bd-4ee9-9d29-d48c730fc62d,5b0fa12a-3dd7-45bb-9766-cc326314d9f1,21.70916783300345,2.7838381643069384e-05,1.2823329690577997e-06,4.0024405819428575,0.0,3.0,2.3014444628176752e-05,0.0,1.7248700799173095e-05,4.026314542734985e-05,0.0,Bangladesh,BGD,dhaka division,,,macOS-27.0.1-arm64-arm-64bit,3.12.4,3.2.8,10,Apple M5,0,,90.4251,23.726,16.0,machine,5.0,0,84.065,6.955726623535156,N,1.0,0.0
2026-10-06T00:14:42,inference,4601ffb6-87fa-4314-b543-602e4da56b2b,5b0fa12a-3dd7-45bb-9766-cc326314d9f1,22.518658833025256,2.9748791075561754e-05,1.3210729509313842e-06,4.180459428914286,0.0,3.0,2.5101882306719956e-05,0.0,1.7924322187512495e-05,4.302620449423245e-05,0.0,Bangladesh,BGD,dhaka division,,,macOS-27.0.1-arm64-arm-64bit,3.12.4,3.2.8,10,Apple M5,0,,90.4251,23.726,16.0,machine,0.0,0,86.135,8.123452758789062,N,1.0,0.0
2026-10-06T00:15:12,inference,15001e70-a13b-4868-b24f-da3a9b80a132,5b0fa12a-3dd7-45bb-9766-cc326314d9f1,22.1200462920242,3.3312004977689914e-05,1.5059645236683429e-06,5.628214492,0.0,3.0,3.0588811220912045e-05,0.0,1.7590932777505565e-05,4.81797439984176e-05,0.0,Bangladesh,BGD,dhaka division,,,macOS-27.0.1-arm64-arm-64bit,3.12.4,3.2.8,10,Apple M5,0,,90.4251,23.726,16.0,machine,0.0,0,87.495,9.524623107910156,N,1.0,0.0
2026-10-06T00:15:39,inference,42d82b7d-2c72-4d04-8a64-58fbccf5c136,5b0fa12a-3dd7-45bb-9766-cc326314d9f1,21.888658707990544,2.8257761647359024e-05,1.2909773058430216e-06,4.032831241428572,0.0,3.0,2.3471519462106e-05,0.0,1.739818270832378e-05,4.0869702170429776e-05,0.0,Bangladesh,BGD,dhaka division,,,macOS-27.0.1-arm64-arm-64bit,3.12.4,3.2.8,10,Apple M5,0,,90.4251,23.726,16.0,machine,5.0,0,86.22999999999999,7.508985900878907,N,1.0,0.0
2026-10-06T00:16:05,inference,353b7184-01d0-480a-af78-5c4f532e6033,5b0fa12a-3dd7-45bb-9766-cc326314d9f1,22.259546749992296,2.9887545933546505e-05,1.342684389274766e-06,4.289720806857144,0.0,3.0,2.551955196203271e-05,0.0,1.7707336145831505e-05,4.3226888107864216e-05,0.0,Bangladesh,BGD,dhaka division,,,macOS-27.0.1-arm64-arm-64bit,3.12.4,3.2.8,10,Apple M5,0,,90.4251,23.726,16.0,machine,0.0,0,85.375,6.778858947753906,N,1.0,0.0
2026-10-06T00:16:36,inference,d9adbc06-0eb9-4a1e-b142-31bdd3b2dfa3,5b0fa12a-3dd7-45bb-9766-cc326314d9f1,22.485158249997767,3.4070644566511145e-05,1.515250379281388e-06,4.84380832,0.0,3.0,3.137810154540126e-05,0.0,1.789887635415653e-05,4.9276977899557785e-05,0.0,Bangladesh,BGD,dhaka division,,,macOS-27.0.1-arm64-arm-64bit,3.12.4,3.2.8,10,Apple M5,0,,90.4251,23.726,16.0,machine,0.0,0,86.78999999999999,8.061574554443359,N,1.0,0.0
2026-10-06T00:17:06,inference,1647634c-d24f-48fc-9633-74197a05571b,5b0fa12a-3dd7-45bb-9766-cc326314d9f1,21.686441374971764,2.9483131921064373e-05,1.3595191304688071e-06,4.293859996857144,0.0,3.0,2.541568472186556e-05,0.0,1.7226292222476334e-05,4.264197694434189e-05,0.0,Bangladesh,BGD,dhaka division,,,macOS-27.0.1-arm64-arm-64bit,3.12.4,3.2.8,10,Apple M5,0,,90.4251,23.726,16.0,machine,0.0,0,85.79499999999999,9.495903778076173,N,1.0,0.0
2026-10-06T00:17:33,inference,35403de8-9e4a-44dc-9c09-933567e0f1fa,5b0fa12a-3dd7-45bb-9766-cc326314d9f1,21.81149158300832,2.8651852899238876e-05,1.3136127252094654e-06,4.113799911828572,0.0,3.0,2.4105513515446637e-05,0.0,1.7334169826644938e-05,4.143968334209157e-05,0.0,Bangladesh,BGD,dhaka division,,,macOS-27.0.1-arm64-arm-64bit,3.12.4,3.2.8,10,Apple M5,0,,90.4251,23.726,16.0,machine,2.5,0,84.575,7.815882873535156,N,1.0,0.0
2026-10-06T00:18:01,inference,5633ad31-14ae-4594-849b-a381d7346aab,5b0fa12a-3dd7-45bb-9766-cc326314d9f1,22.121907374996223,3.33138244210651e-05,1.5059200753511328e-06,4.8015683417714285,0.0,3.0,3.0585959554147e-05,0.0,1.7596415937514393e-05,4.818237549166139e-05,0.0,Bangladesh,BGD,dhaka division,,,macOS-27.0.1-arm64-arm-64bit,3.12.4,3.2.8,10,Apple M5,0,,90.4251,23.726,16.0,machine,0.0,0,84.05,7.056172180175781,N,1.0,0.0
2026-10-06T00:18:26,inference,05388166-1a24-434f-9ea7-c110ef0c097c,5b0fa12a-3dd7-45bb-9766-cc326314d9f1,21.591594000026817,1.7315034033938593e-07,8.019340320088035e-09,4.4462271928,0.0,3.0,2.682218941712059e-05,0.0,1.715411934084841e-05,4.397630875796901e-05,0.0,Canada,CAN,quebec,,,macOS-27.0.1-arm64-arm-64bit,3.12.4,3.2.8,10,Apple M5,0,,-71.2,46.8,16.0,machine,0.0,0,82.5421052631579,5.954093531558388,N,1.0,0.0
2026-10-06T00:18:50,inference,cfbd1f52-b950-4aea-af6d-f7ad6c659cb4,5b0fa12a-3dd7-45bb-9766-cc326314d9f1,21.620823458011728,2.7810815046505547e-05,1.286297679665854e-06,4.029343547542857,0.0,3.0,2.3048013841987896e-05,0.0,1.717526152751816e-05,4.022327536950605e-05,0.0,Bangladesh,BGD,dhaka division,,,macOS-27.0.1-arm64-arm-64bit,3.12.4,3.2.8,10,Apple M5,0,,90.4251,23.726,16.0,machine,0.0,0,80.47,6.196784210205078,N,1.0,0.0
2026-10-06T00:19:13,inference,03e0cbd7-3f42-4f3a-a6ba-922a416b7d05,5b0fa12a-3dd7-45bb-9766-cc326314d9f1,21.59818783297669,2.793985665039273e-05,1.2936204123446602e-06,4.049885161000001,0.0,3.0,2.3253350358011523e-05,0.0,1.7156560173340646e-05,4.0409910531352165e-05,0.0,Bangladesh,BGD,dhaka division,,,macOS-27.0.1-arm64-arm-64bit,3.12.4,3.2.8,10,Apple M5,0,,90.4251,23.726,16.0,machine,0.0,0,82.01578947368421,6.078533774928043,N,1.0,0.0
2026-10-06T00:19:36,inference,c403fe60-e67f-4d2b-a492-61b2a9a32c1c,5b0fa12a-3dd7-45bb-9766-cc326314d9f1,21.653266084002098,2.792341295173369e-05,1.2895704898931673e-06,4.029592266742858,0.0,3.0,2.3180302926477764e-05,0.0,1.720582479167206e-05,4.038612771814983e-05,0.0,Bangladesh,BGD,dhaka division,,,macOS-27.0.1-arm64-arm-64bit,3.12.4,3.2.8,10,Apple M5,0,,90.4251,23.726,16.0,machine,0.0,0,81.965,5.89947509765625,N,1.0,0.0
