,precision,recall,f1-score,support,fpr
Benign,0.7062834875791525,0.6476105404198302,0.6756756756756757,2239.0,0.008287178923353903
DDoS,0.9605757443947962,0.9858366137737916,0.9730422591628279,24641.0,0.019797065189333017
DoS,0.9779987306960017,0.933562197092084,0.9552639735509867,4952.0,0.0014846538187009279
Reconnaissance,0.9887712958182757,0.9780832411269044,0.9833982285738736,23498.0,0.005067567567567568
BruteForce,0.6913993102727558,0.9596750797795184,0.8037417238656381,6894.0,0.043357608504140485
WebAttack,0.9422216699801192,0.717611431816031,0.8147193123824873,10567.0,0.007216574842864903
Malware,0.9853238866396761,0.9469844357976653,0.9657738095238095,2056.0,0.0003975543552765059
Spoofing,0.6041666666666666,0.3741935483870968,0.46215139442231074,155.0,0.0005077023795208893
accuracy,0.9273352710594384,0.9273352710594384,0.9273352710594384,0.9273352710594384,
macro avg,0.8570925990059304,0.8179446360241152,0.8292207971447012,75002.0,
weighted avg,0.9355823610814531,0.9273352710594384,0.9271130070493362,75002.0,
