tag,dataset,seed,Accuracy,Precision (Macro),Precision (Weighted),Recall (Macro),Recall (Weighted),F1 (Macro),F1 (Weighted),FPR (Macro),FPR (Weighted),Inference (s)
snn_baseline,edgeiiot,42,0.9738929852398032,0.9517148345641869,0.972752029433845,0.9064939684590975,0.9738929852398032,0.9273568927370003,0.9728868391956329,0.007933603481530369,0.02942820961051578,0.6767129898071289
snn_baseline,cicids2017,42,0.9958,0.9116516119057955,0.9959897468603203,0.9082011235354777,0.9958,0.9038387786328164,0.995796707836896,0.002110288388496397,0.010572018719474777,0.4333209991455078
snn_baseline,ciciot2023,42,0.8450933333333334,0.7138636973593653,0.8379971626453473,0.6534341328377113,0.8450933333333334,0.6762949468938294,0.8382277135091332,0.03506164769367467,0.1255865148827307,0.4078950881958008
snn_baseline,toniot_network,42,0.9983733767099544,0.9903170166469676,0.998370835499597,0.9932885357813126,0.9983733767099544,0.9917547989785646,0.9983703307902112,0.00024226355135710604,0.0003114851208112497,0.41580986976623535
ann_baseline,edgeiiot,42,0.9884398458646115,0.9725625853106518,0.9885126103261891,0.9603271458359278,0.9884398458646115,0.9656595074245106,0.9883241465658967,0.001826482585031368,0.0012252239598311042,0.06937503814697266
ann_baseline,cicids2017,42,0.9964,0.9214492006507747,0.9964937399894872,0.909094773299688,0.9964,0.9109333225935216,0.9963668330686163,0.0018879761423038406,0.009615832996126884,0.06646203994750977
ann_baseline,ciciot2023,42,0.84672,0.7257888683179576,0.8398502184534916,0.6557318862776444,0.84672,0.6802454913994225,0.8364788283857119,0.036108476382941526,0.1355878110635322,0.059619903564453125
ann_baseline,toniot_network,42,0.9986267032879124,0.991287671249006,0.9986300331527479,0.9952754967563928,0.9986267032879124,0.9932363734966332,0.9986273513322365,0.00019867007596614502,0.0002160638956414825,0.07931804656982422
fl_iid,edgeiiot,42,0.9426125681675755,0.8861318727192984,0.9360389570268007,0.7846163162680789,0.9426125681675755,0.8133108614929382,0.935082989450239,0.019991796542948026,0.08255514396821174,0.42342472076416016
fl_iid,cicids2017,42,0.99288,0.9190199038712993,0.9928609571273479,0.8810012485894266,0.99288,0.892131256486927,0.992681499394515,0.004061029868077952,0.021307209076545663,0.5074999332427979
fl_iid,ciciot2023,42,0.8268533333333333,0.7401093481853592,0.8188097992847313,0.5831469508825016,0.8268533333333333,0.610243955405488,0.813683023370363,0.04000214825162828,0.14687051934635964,0.44762492179870605
fl_iid,toniot_network,42,0.9850270659449082,0.9528433234101183,0.9849395825887762,0.9629651510753277,0.9850270659449082,0.9572724059616602,0.9849415216519795,0.002253795346431064,0.003057428716356647,0.45285701751708984
fl_alpha2.0,edgeiiot,42,0.9434259123454979,0.8741736513079864,0.9356113292357693,0.782967794779306,0.9434259123454979,0.8068136438515259,0.9353670080214086,0.01872167213750081,0.07447761730800363,0.4355967044830322
fl_alpha2.0,cicids2017,42,0.9919466666666666,0.9146080000335797,0.9919227074509005,0.8759313820513237,0.9919466666666666,0.8887472924646652,0.9917754772558991,0.004468662038789359,0.023227300938192176,0.45081114768981934
fl_alpha2.0,ciciot2023,42,0.82284,0.7073569985109391,0.8138968049773857,0.5881732024273921,0.82284,0.6126131415479277,0.8129175557395003,0.039781190435087266,0.1410895234806981,0.4549098014831543
fl_alpha2.0,toniot_network,42,0.9857337137676329,0.9546238647963994,0.9856161953092191,0.9634932141586441,0.9857337137676329,0.9582616733185505,0.9856133780606334,0.0021478479481750546,0.002916497353033303,0.4459960460662842
fl_alpha1.0,edgeiiot,42,0.9394658595447939,0.8725753414663011,0.9320541171959779,0.770531779548573,0.9394658595447939,0.7881275798516283,0.9294885388354779,0.020992117062716812,0.08641067898381162,0.5249803066253662
fl_alpha1.0,cicids2017,42,0.9905333333333334,0.9046253787814702,0.9905574579399448,0.8799327712145685,0.9905333333333334,0.8853753742683359,0.9904006703204586,0.004746283496144197,0.023757317806342708,0.4293522834777832
fl_alpha1.0,ciciot2023,42,0.8208533333333333,0.7460047172940427,0.8154625692839608,0.5831801282920899,0.8208533333333333,0.5962183019880882,0.8142230627231161,0.03870911698163326,0.13052626918639945,0.45865297317504883
fl_alpha1.0,toniot_network,42,0.981160502386603,0.9515655891791276,0.98096357320556,0.947095254422547,0.981160502386603,0.9489813092202986,0.9809557963312662,0.002831739464863723,0.0038144181055128055,0.4505159854888916
fl_alpha0.5,edgeiiot,42,0.9306524086987826,0.8653201727024891,0.9262846645300197,0.7628519179207393,0.9306524086987826,0.7838184997736184,0.9221285097410584,0.025292353212973757,0.10769888118959894,0.5026359558105469
fl_alpha0.5,cicids2017,42,0.98252,0.8677530230308015,0.9826673478008147,0.8070584655933268,0.98252,0.8253053703893107,0.9822887136700604,0.008465247124992097,0.04177672987494468,0.4552731513977051
fl_alpha0.5,ciciot2023,42,0.8184,0.623075219633016,0.808707988799624,0.5786397228030549,0.8184,0.5942357730740798,0.8105609222427194,0.039804626003205695,0.13683700802564555,0.4562559127807617
fl_alpha0.5,toniot_network,42,0.9776539292285539,0.9460722284826111,0.9775411163399859,0.9342737107263863,0.9776539292285539,0.9399349706830581,0.9775210176281491,0.003352271086644869,0.0044720979217128575,0.4539341926574707
fl_ann_iid,edgeiiot,42,0.9695462606168083,0.9516507612030644,0.9695350405823526,0.8859953886806969,0.9695462606168083,0.9125691812010385,0.9683794337504462,0.009173883427135876,0.033763444606759355,0.07559800148010254
fl_ann_iid,cicids2017,42,0.9959866666666667,0.9172466480238596,0.99608733010769,0.910114503474369,0.9959866666666667,0.9079218469135311,0.9959367759326956,0.0019771020049210754,0.009826380701114194,0.11752200126647949
fl_ann_iid,ciciot2023,42,0.8399333333333333,0.7276012885414598,0.832246799119958,0.6198770475485168,0.8399333333333333,0.6477850073280165,0.828412436007864,0.03744991932037693,0.13953268789634882,0.1080479621887207
fl_ann_iid,toniot_network,42,0.9969067491533559,0.9833799320013044,0.9968955202109788,0.9889134408619299,0.9969067491533559,0.9859952481512405,0.9968959929277963,0.0004606098308704826,0.0005916278003197717,0.10851025581359863
fl_ann_alpha2.0,edgeiiot,42,0.9703062707502766,0.951033214601393,0.9697563306187104,0.887512718694536,0.9703062707502766,0.9143148755262988,0.9691064703373221,0.009026953920287278,0.0334949481922876,0.08781909942626953
fl_ann_alpha2.0,cicids2017,42,0.9953066666666667,0.9130817319923467,0.9952881633096367,0.885077332355902,0.9953066666666667,0.894228271397001,0.9951860760417718,0.002640352854559994,0.013789136648586619,0.11345219612121582
fl_ann_alpha2.0,ciciot2023,42,0.83632,0.7044759624980428,0.8302579516985408,0.6357706703982795,0.83632,0.6586027870934975,0.82894131453154,0.03667470542550569,0.12971764340404549,0.08811497688293457
fl_ann_alpha2.0,toniot_network,42,0.9960001066638223,0.9824738922276601,0.9959684638716545,0.9859430173636075,0.9960001066638223,0.9840625609707065,0.9959748483289841,0.0005975971198306404,0.0007808836224674207,0.10750389099121094
fl_ann_alpha1.0,edgeiiot,42,0.9648395311937492,0.951389713206211,0.9661410711743642,0.8607967695390984,0.9648395311937492,0.8885745004633451,0.962284982769134,0.010534665489544076,0.03858218962055778,0.16496491432189941
fl_ann_alpha1.0,cicids2017,42,0.9959066666666667,0.9181588830395399,0.9959967170222999,0.904662104410559,0.9959066666666667,0.9061388313610912,0.9958538711624115,0.0022024518146758912,0.011323829369397907,0.11729192733764648
fl_ann_alpha1.0,ciciot2023,42,0.82876,0.6994309648533842,0.8293683825051307,0.6134308689064237,0.82876,0.6378967861101886,0.8250352148169174,0.03579384825536499,0.11511078604291984,0.10494375228881836
fl_ann_alpha1.0,toniot_network,42,0.9966134236420362,0.9833762393264791,0.9966260784111503,0.9862565992061729,0.9966134236420362,0.9847941276762835,0.996618163033357,0.0004885776553027579,0.0005220448844582755,0.1082921028137207
fl_ann_alpha0.5,edgeiiot,42,0.9650928679049054,0.9508593457361192,0.9663469705266459,0.858244101032124,0.9650928679049054,0.8872516478810782,0.9625499817606866,0.01025348399989055,0.03686725590413925,0.13507676124572754
fl_ann_alpha0.5,cicids2017,42,0.99504,0.915497364144246,0.995144497137301,0.900924041569208,0.99504,0.9004984317171808,0.99494453215886,0.002265265498730269,0.010896858491111888,0.12409400939941406
fl_ann_alpha0.5,ciciot2023,42,0.8275333333333333,0.6980348027165464,0.826083031327796,0.6278491761068514,0.8275333333333333,0.6452358097997402,0.8261899036307513,0.03557422533317653,0.11212713599874558,0.10648488998413086
fl_ann_alpha0.5,toniot_network,42,0.9938001653289246,0.9735885421010136,0.9937578913581036,0.9757156540726468,0.9938001653289246,0.9745345132097144,0.9937598293774943,0.000861715961841527,0.0006938930236567772,0.06227731704711914
dt_baseline,edgeiiot,42,0.9897998639981866,0.9772848952014882,0.9898496189203303,0.9637242976858024,0.9897998639981866,0.9698431350660764,0.9896968467506319,0.0016169254083255567,0.001118341856465538,0.022521018981933594
dt_baseline,cicids2017,42,0.9977466666666667,0.935149630065115,0.9978478941398733,0.9537182651852997,0.9977466666666667,0.9432161020375418,0.9977800059870636,0.0008220266169954169,0.003500852985634587,0.01345205307006836
dt_baseline,ciciot2023,42,0.8490266666666667,0.7826997579025656,0.8421129392743693,0.6555483317287834,0.8490266666666667,0.6878410824539656,0.8385606198548945,0.035805274564321705,0.13546886318124035,0.01553797721862793
dt_baseline,toniot_network,42,0.9991866883549771,0.9930973471103465,0.9991879302127655,0.996698747270979,0.9991866883549771,0.9948518125914547,0.9991860099536839,0.00012187253029752388,0.00016166859735739167,0.013689041137695312
dt_untuned_baseline,edgeiiot,42,0.9861464819530927,0.9539882763211815,0.9862410467153008,0.9586454240098031,0.9861464819530927,0.9562858267461289,0.9861894897033708,0.002145923056960001,0.0011679433518127149,0.02746295928955078
dt_untuned_baseline,cicids2017,42,0.9973333333333333,0.9222310141066031,0.9973471069813492,0.9247445102078526,0.9973333333333333,0.9234259151614157,0.997339403662256,0.000980609621819783,0.004197600686071815,0.015580177307128906
dt_untuned_baseline,ciciot2023,42,0.8173333333333334,0.6622869867812542,0.8174300307715446,0.663284804996882,0.8173333333333334,0.6627640517393103,0.8173789081821154,0.03779926957350905,0.11972748992140568,0.03351616859436035
dt_untuned_baseline,toniot_network,42,0.9990666915548919,0.9939228150941193,0.9990661041422666,0.9950396414218372,0.9990666915548919,0.9944758142856656,0.9990662119236192,0.00013825340388449913,0.0001727187859678627,0.016036033630371094
xgb_baseline,edgeiiot,42,0.9889731863091508,0.9740672060293747,0.9890076711590747,0.9617179115470085,0.9889731863091508,0.9673195954047132,0.9888781455435179,0.0017599863736283354,0.001293090924549136,0.7784216403961182
xgb_baseline,cicids2017,42,0.99816,0.9312085281951258,0.9982871649565367,0.9555025053090497,0.99816,0.9417102857490064,0.9982002002071527,0.0005092884910344598,0.0017250194372412193,0.3096590042114258
xgb_baseline,ciciot2023,42,0.8596933333333333,0.8110616363111394,0.8540466334649143,0.6884105233927575,0.8596933333333333,0.7232396339321479,0.8516128782986709,0.03309957537588239,0.12448993634039243,1.2569007873535156
xgb_baseline,toniot_network,42,0.9993733500439989,0.9957960944942181,0.9993735572740254,0.9975644482090091,0.9993733500439989,0.9966682109816478,0.9993730791514874,9.632046502005775e-05,0.00014391376415928868,1.1829869747161865
xgb_untuned_baseline,edgeiiot,42,0.988813184175789,0.9730968468949731,0.9888737685613797,0.9615996461937932,0.988813184175789,0.9667248423408551,0.9887212511903747,0.0017798652375247118,0.0012722408384619928,0.2975189685821533
xgb_untuned_baseline,cicids2017,42,0.9974533333333333,0.926789814022911,0.9975553003151354,0.9454307429366395,0.9974533333333333,0.9350498569417381,0.9974907013953422,0.0008382921907362212,0.003321378668486883,0.2985260486602783
xgb_untuned_baseline,ciciot2023,42,0.8592933333333334,0.786321316695826,0.8531548047587764,0.6863693527270429,0.8592933333333334,0.7171224729151057,0.8513159214895358,0.03312571871516604,0.12429908305466168,0.33995699882507324
xgb_untuned_baseline,toniot_network,42,0.9993200181328498,0.9950891028828306,0.9993201431047265,0.9964319812425655,0.9993200181328498,0.9957470522156318,0.9993193343134628,0.00010685495656306382,0.0001748577853543011,0.3237040042877197
fedens_xgb_iid,edgeiiot,42,0.9877465032867105,0.9700709606977552,0.9878073258720804,0.9570256416633303,0.9877465032867105,0.9629161704315429,0.9876466293063488,0.0019802559143862098,0.00160829468741396,3.9085071086883545
fedens_xgb_iid,cicids2017,42,0.9976666666666667,0.9337235007359281,0.9977628372753947,0.939058311631646,0.9976666666666667,0.9350020384393604,0.9976883414666139,0.0010120629901611492,0.004751107597794711,4.514109134674072
fedens_xgb_iid,ciciot2023,42,0.85344,0.8354268221907568,0.8485717402305788,0.6524852147334934,0.85344,0.6840454475302598,0.842217140162213,0.03522928008851997,0.13527424070815974,7.288858890533447
fedens_xgb_iid,toniot_network,42,0.9985467054211887,0.9910525609200848,0.9985437919656384,0.9924760034260066,0.9985467054211887,0.9917397078124824,0.9985436713948084,0.00022213452881708674,0.0003237816517254622,6.8388049602508545
fedens_xgb_alpha2.0,edgeiiot,42,0.9876665022200296,0.9701128307175546,0.9877607780031706,0.9570727016167334,0.9876665022200296,0.9629777333583665,0.9875837482203931,0.0019836462157700224,0.0015520257304197582,5.286823034286499
fedens_xgb_alpha2.0,cicids2017,42,0.9974266666666667,0.935330131934925,0.9974748981497704,0.9285418985140552,0.9974266666666667,0.9309743647857752,0.9974280891680318,0.0012626268011778736,0.006265054274911781,5.943730115890503
fedens_xgb_alpha2.0,ciciot2023,42,0.85392,0.8258222938690825,0.8489142113404587,0.6579842177971051,0.85392,0.6903925579584879,0.8427373297830087,0.03520138731654468,0.13553109853235748,8.814340829849243
fedens_xgb_alpha2.0,toniot_network,42,0.9986800351990613,0.9913219562099309,0.9986780542714311,0.9933879035105493,0.9986800351990613,0.992318639727918,0.9986770789548095,0.00019935232728170515,0.0002748538173149995,7.116121053695679
fedens_xgb_alpha1.0,edgeiiot,42,0.9872931639088521,0.9687563008726202,0.9876652516699496,0.9544558964987776,0.9872931639088521,0.9605868833112449,0.9872479834161668,0.0020195452842048677,0.0014299808982861893,4.528808832168579
fedens_xgb_alpha1.0,cicids2017,42,0.99732,0.930048276947342,0.9973379192936191,0.9210111954783572,0.99732,0.9249706572008713,0.9973128335006688,0.0012870904873834156,0.006329633411683909,5.59869384765625
fedens_xgb_alpha1.0,ciciot2023,42,0.8507066666666667,0.823563966205977,0.847265672725474,0.6481364487931395,0.8507066666666667,0.6815816335415399,0.8357744917984128,0.03700980849804808,0.14678513465105134,6.823394060134888
fedens_xgb_alpha1.0,toniot_network,42,0.9986133703101251,0.9918064302992164,0.998610146413352,0.9924646644289263,0.9986133703101251,0.9921199674307211,0.9986104606845454,0.00021038484060274609,0.0002964490349470319,6.302490949630737
fedens_xgb_alpha0.5,edgeiiot,42,0.9832397765303538,0.9535140209934252,0.9851204603381368,0.9557586978135936,0.9832397765303538,0.9530563630181267,0.9835474609166401,0.0026063001840714198,0.0014838778188536765,4.665524005889893
fedens_xgb_alpha0.5,cicids2017,42,0.9971466666666666,0.9320557093830065,0.9970578184982861,0.9030889650948737,0.9971466666666666,0.9161037307778167,0.9970784035878386,0.0015099665608687145,0.007716432592747669,3.2778258323669434
fedens_xgb_alpha0.5,ciciot2023,42,0.8494933333333333,0.8363529108595056,0.8519923466406283,0.6604870383452457,0.8494933333333333,0.6824357119738056,0.8483475405667174,0.031159060063509384,0.09876581384140845,5.616492986679077
fedens_xgb_alpha0.5,toniot_network,42,0.9982533799098691,0.9926354276013798,0.9982503688793701,0.9882792609962087,0.9982533799098691,0.9904336559456496,0.9982507905349217,0.0002592798027812863,0.00032761833211936023,5.29985785484314
fedens_dt_iid,edgeiiot,42,0.9885198469312925,0.9707184374322269,0.9887728817387185,0.9627900237527969,0.9885198469312925,0.9661579950123462,0.9885046416205564,0.0017933629719892503,0.0010733877352171683,0.09195113182067871
fedens_dt_iid,cicids2017,42,0.9971866666666667,0.9276431656473793,0.9972850937801493,0.9349284816841962,0.9971866666666667,0.9298459841735209,0.9972105345921397,0.001235421249611046,0.00583461541394399,0.08228611946105957
fedens_dt_iid,ciciot2023,42,0.8509733333333334,0.8154288430255785,0.8453748285219448,0.6482487703014681,0.8509733333333334,0.6810916518583534,0.8398367272660595,0.0356535063399052,0.13620138405257493,0.09435486793518066
fedens_dt_iid,toniot_network,42,0.9982400469320818,0.9896296674960001,0.9982325804003165,0.9906646083709858,0.9982400469320818,0.9901026666729829,0.9982322907637944,0.00026718445653046405,0.0003775225843255235,0.07474517822265625
fedens_dt_alpha2.0,edgeiiot,42,0.9884398458646115,0.9709879022017833,0.9886346751075961,0.9624098627430481,0.9884398458646115,0.966188469988904,0.9884196955387731,0.0018120768730164154,0.001124383975726435,0.09109997749328613
fedens_dt_alpha2.0,cicids2017,42,0.9973866666666666,0.9325296410811611,0.9974380320480484,0.9321487087234214,0.9973866666666666,0.93150013872863,0.9973917222988433,0.0012146447675564914,0.005889180039562108,0.08137106895446777
fedens_dt_alpha2.0,ciciot2023,42,0.8506666666666667,0.783654264537814,0.8439436255507237,0.6551210767960766,0.8506666666666667,0.6851054933409034,0.8403778332780858,0.035468057798834114,0.13441112905733957,0.09513711929321289
fedens_dt_alpha2.0,toniot_network,42,0.9981200501319965,0.9863663234239626,0.9981194596777903,0.9905744919797326,0.9981200501319965,0.9883674969368981,0.9981160762976629,0.0002827431090519177,0.0003819950044118212,0.0875699520111084
fedens_dt_alpha1.0,edgeiiot,42,0.9882265096867958,0.9693148167478531,0.9885993898079364,0.9629604098009359,0.9882265096867958,0.96550590469668,0.9882458087347467,0.0018356661745887323,0.0010761729089169495,0.09481000900268555
fedens_dt_alpha1.0,cicids2017,42,0.99716,0.9320762399183212,0.9971210645137828,0.9174653999371601,0.99716,0.9244493744777765,0.9971339790482441,0.0013824359436627796,0.00683705160563946,0.08105802536010742
fedens_dt_alpha1.0,ciciot2023,42,0.8466933333333333,0.7750583745309582,0.8395754019874511,0.6515511604105055,0.8466933333333333,0.6834105970055799,0.8370857755626886,0.03585312975609374,0.13351837138208328,0.0979163646697998
fedens_dt_alpha1.0,toniot_network,42,0.9981333831097837,0.9878354937797745,0.9981287996901019,0.9907595927924371,0.9981333831097837,0.989172283561967,0.998122036885268,0.0002858191971335803,0.0004199366868523814,0.06877636909484863
fedens_dt_alpha0.5,edgeiiot,42,0.9853731383085108,0.954070105830129,0.986603291574924,0.9635092312081754,0.9853731383085108,0.9578966561939454,0.985592099249959,0.002221111394685521,0.0009209180713094267,0.09150195121765137
fedens_dt_alpha0.5,cicids2017,42,0.99668,0.9216607217203663,0.9965132203938455,0.8851492873331844,0.99668,0.9002547025025189,0.9965631893281468,0.0017486307868931539,0.008920415508252079,0.08011531829833984
fedens_dt_alpha0.5,ciciot2023,42,0.8385466666666667,0.7578042021525722,0.8400633718484679,0.6532665338904532,0.8385466666666667,0.6737748908925858,0.8380268263177781,0.03321606189821816,0.10427516185241191,0.10057401657104492
fedens_dt_alpha0.5,toniot_network,42,0.9976133969760806,0.9894292218224443,0.9976000583865646,0.9810738833904405,0.9976133969760806,0.9851613011986948,0.9976033080236956,0.00035269534929099417,0.00043495977040859137,0.0706169605255127
snn_tuned,edgeiiot,42,0.9756530087067827,0.9676105077268432,0.9752851858854718,0.9124100561994081,0.9756530087067827,0.9363224327016265,0.974761102331237,0.008129967421677552,0.03256278065852562,0.41092801094055176
snn_tuned,cicids2017,42,0.9959066666666667,0.9144561758384314,0.9960415485982518,0.9092696337708688,0.9959066666666667,0.9068293187860705,0.9958903236460259,0.0021480634839181234,0.010943111054093528,0.38165903091430664
snn_tuned,ciciot2023,42,0.8395333333333334,0.7121289582220593,0.8317663593981269,0.6271319961271058,0.8395333333333334,0.6543189837758197,0.8313230237342106,0.03624639709393022,0.12950451008477507,0.45058107376098633
snn_tuned,toniot_network,42,0.9981200501319965,0.9896712732368365,0.9981213818975142,0.9945638203395999,0.9981200501319965,0.992038671933377,0.9981189971495913,0.0002786396719374553,0.0003491675074961224,0.4329538345336914
ann_tuned,edgeiiot,42,0.9879731729756397,0.968546094009314,0.98838743122812,0.9616599378246707,0.9879731729756397,0.964283822305036,0.9879750964263307,0.0018683646248316263,0.0010517253494610585,0.11678099632263184
ann_tuned,cicids2017,42,0.9965733333333333,0.92132737943636,0.996682207310451,0.9137339335108801,0.9965733333333333,0.9127629948477453,0.9965452327261126,0.0017900279049310654,0.009103528667850792,0.1192772388458252
ann_tuned,ciciot2023,42,0.8472266666666667,0.7204395602201621,0.8398644769523567,0.6584120716470234,0.8472266666666667,0.6808615726193984,0.8379031957122632,0.03566955686485496,0.13258312158550628,0.10803604125976562
ann_tuned,toniot_network,42,0.9988400309325085,0.991212703180751,0.9988447481719048,0.9968073761888494,0.9988400309325085,0.9939323658344745,0.9988409967849122,0.00016864435394854758,0.00018918576409684707,0.05661606788635254
transformer_baseline,edgeiiot,42,0.7856238083174443,0.7618551262160278,0.9175281174516088,0.786384600263497,0.7856238083174443,0.7429013255011221,0.8358732369789498,0.033495414772143364,0.020091711722447777,3.3384439945220947
transformer_baseline,cicids2017,42,0.9914133333333334,0.8819530347854557,0.9917592097607465,0.9070953519993544,0.9914133333333334,0.8876804566240563,0.9914935483248936,0.003213289981104027,0.013906363201061516,4.076052904129028
transformer_baseline,ciciot2023,42,0.8282133333333334,0.6164166610934066,0.8195788465909428,0.5785690136667229,0.8282133333333334,0.5923965539837662,0.8200567903680883,0.038115344816012725,0.13313609186143516,1.5973021984100342
transformer_baseline,toniot_network,42,0.9895336124370017,0.9587584104444435,0.9896073157670389,0.9758646514436601,0.9895336124370017,0.9662841883613384,0.9895287860790963,0.0015844503963048876,0.0022092156074407826,1.9119079113006592
fl_dnn_iid,edgeiiot,42,0.8672248963319511,0.5330451260031354,0.8013512324649505,0.428369759683966,0.8672248963319511,0.4499229587737619,0.8229831390185743,0.05926970991684195,0.2821128657498448,0.06144404411315918
fl_dnn_iid,cicids2017,42,0.9808533333333334,0.554320850522189,0.9714450043196815,0.5580525297133528,0.9808533333333334,0.556064788353213,0.9760685076605773,0.011959312806992643,0.06456852298228184,0.05472207069396973
fl_dnn_iid,ciciot2023,42,0.8095733333333334,0.5450772114921912,0.7966717538989686,0.5075215849152073,0.8095733333333334,0.5098886766204368,0.7847092817039805,0.045580172743050484,0.17421471527773721,0.06984710693359375
fl_dnn_iid,toniot_network,42,0.8737367003546572,0.8244886371938891,0.8682086869141221,0.7838576212901948,0.8737367003546572,0.7869175602344557,0.8642004374830544,0.019363803976854874,0.028647132169496187,0.053861141204833984
fl_dnn_alpha2.0,edgeiiot,42,0.8678915718876251,0.48786516123422646,0.7850084607188915,0.48785126977841664,0.8678915718876251,0.48690822491083285,0.8231556618231983,0.05883142805877366,0.2797115682990408,0.0656881332397461
fl_dnn_alpha2.0,cicids2017,42,0.97668,0.5512270396991558,0.9672975270826963,0.5498241269717479,0.97668,0.550167182019799,0.9717649636802725,0.014691937626102948,0.07952356338272062,0.05918478965759277
fl_dnn_alpha2.0,ciciot2023,42,0.80692,0.5229526318691446,0.791244148102197,0.5124837296107353,0.80692,0.5109161551434585,0.793407402837131,0.04299715470472272,0.15089723763778182,0.0706939697265625
fl_dnn_alpha2.0,toniot_network,42,0.8627503266579558,0.7141279259927722,0.842186029041082,0.591943584477967,0.8627503266579558,0.604500244491943,0.8470400917397681,0.0216390360762138,0.03586261526766617,0.054490089416503906
fl_dnn_alpha1.0,edgeiiot,42,0.8725183002440032,0.5998009892119048,0.8233364756800617,0.5001055729885968,0.8725183002440032,0.5250102962832043,0.8366652118686835,0.057356788871516406,0.274015822344618,0.06819891929626465
fl_dnn_alpha1.0,cicids2017,42,0.9668933333333334,0.5313539600453492,0.9578828791407111,0.5318430698672875,0.9668933333333334,0.5309967111657715,0.9620521537063624,0.019403345042312843,0.10271674862952326,0.07879185676574707
fl_dnn_alpha1.0,ciciot2023,42,0.7926,0.5015249896934724,0.7777492622140585,0.5040451703930665,0.7926,0.4985352200526978,0.7830722056355577,0.043783607584386354,0.14286886067509083,0.05308890342712402
fl_dnn_alpha1.0,toniot_network,42,0.8311245033465774,0.7873171946340568,0.8155580337517256,0.546133462793477,0.8311245033465774,0.556795195027312,0.798019076351933,0.02704422903142647,0.047478335597989155,0.054717302322387695
fl_dnn_alpha0.5,edgeiiot,42,0.8696382618434912,0.44763562958350506,0.8202697496949147,0.36054233447439393,0.8696382618434912,0.3881290268612493,0.8366725943580997,0.058280375627312454,0.2776008912346784,0.07121586799621582
fl_dnn_alpha0.5,cicids2017,42,0.9810133333333333,0.6962781366027384,0.9757237975977278,0.6397043991323301,0.9810133333333333,0.6610504588309926,0.9781234665578726,0.0111727142920871,0.05922233337794302,0.05339193344116211
fl_dnn_alpha0.5,ciciot2023,42,0.7746266666666667,0.5230645130510219,0.7890295459026818,0.5247818348492811,0.7746266666666667,0.517493923302033,0.7776388753725147,0.04272828118550447,0.11645291615070247,0.055902957916259766
fl_dnn_alpha0.5,toniot_network,42,0.8762166342230874,0.6436801001813899,0.8611656756107088,0.5802904897252996,0.8762166342230874,0.5695332121760295,0.8561426909088835,0.01903144240467697,0.028468173460503152,0.05611109733581543
fl_cnnbilstm_iid,edgeiiot,42,0.9645328604381391,0.9284863579137518,0.9657230115843428,0.8647123290671569,0.9645328604381391,0.8859898505608114,0.9630600475712463,0.009039290015474983,0.02780789054646405,2.640540838241577
fl_cnnbilstm_iid,cicids2017,42,0.9939733333333334,0.905451914114994,0.9940979547557638,0.8819799398961052,0.9939733333333334,0.8852569733733685,0.9938676018423186,0.0032602375682382737,0.01679499631100125,3.6598739624023438
fl_cnnbilstm_iid,ciciot2023,42,0.8275466666666667,0.7373718194641011,0.8211063651976418,0.5742872397038902,0.8275466666666667,0.60148080971772,0.8111479459748493,0.04077974511783652,0.15378462760935882,0.9840130805969238
fl_cnnbilstm_iid,toniot_network,42,0.9160689048292046,0.850477871579699,0.9176175387596238,0.808255463940007,0.9160689048292046,0.8244871127870859,0.916116459345739,0.012565868841601106,0.016595855562013418,1.3987531661987305
fl_cnnbilstm_alpha2.0,edgeiiot,42,0.9700129335057801,0.942284053733789,0.9702128970055817,0.8903437162684638,0.9700129335057801,0.9118105089796638,0.9692452700006364,0.008052134526868147,0.026377875193857106,6.757190942764282
fl_cnnbilstm_alpha2.0,cicids2017,42,0.9950533333333333,0.9142914477846447,0.995202780591403,0.889309115701563,0.9950533333333333,0.8933554359765904,0.9949588219661262,0.0027589166141839907,0.014365749632621267,6.271313905715942
fl_cnnbilstm_alpha2.0,ciciot2023,42,0.8221333333333334,0.6669153514269417,0.8144136046107553,0.5487463993140413,0.8221333333333334,0.5581174832553396,0.8104664704103027,0.04015314396177827,0.14335848502755952,3.758596897125244
fl_cnnbilstm_alpha2.0,toniot_network,42,0.9273352710594384,0.8570925990059304,0.9355823610814531,0.8179446360241152,0.9273352710594384,0.8292207971447012,0.9271130070493362,0.010764488197594776,0.013451176640196611,3.104323148727417
fl_cnnbilstm_alpha1.0,edgeiiot,42,0.964639528527047,0.9422728588553558,0.9632486362695322,0.867046423996656,0.964639528527047,0.8988252622495781,0.9627645497993254,0.010907829481547773,0.04099433489788145,4.873169898986816
fl_cnnbilstm_alpha1.0,cicids2017,42,0.9945333333333334,0.9069202648495734,0.9944511931435879,0.8662783407085354,0.9945333333333334,0.8843994374236516,0.9944274745762732,0.0031766185488442027,0.016769663175242755,6.993734121322632
fl_cnnbilstm_alpha1.0,ciciot2023,42,0.8210933333333333,0.725438525083947,0.8171911779579027,0.5621379785505023,0.8210933333333333,0.5658550665276127,0.8156696176306207,0.03796736075616498,0.12483221938265321,3.503952980041504
fl_cnnbilstm_alpha1.0,toniot_network,42,0.9630809845070798,0.9210574673372094,0.9629895238288597,0.8851712450793292,0.9630809845070798,0.9017772392787682,0.9625930099331449,0.0055420797196917195,0.0074176222646135685,1.6867430210113525
fl_cnnbilstm_alpha0.5,edgeiiot,42,0.9677595701276017,0.9341355493430942,0.9685026217879323,0.8797073899088403,0.9677595701276017,0.897624336703052,0.966402908928499,0.00854656339739533,0.02758551390936902,4.234708070755005
fl_cnnbilstm_alpha0.5,cicids2017,42,0.9950133333333333,0.9198688226972355,0.9948793790844593,0.8695075036307092,0.9950133333333333,0.8915380346878201,0.9948555495540371,0.002883206326377918,0.015195777617978756,6.861147165298462
fl_cnnbilstm_alpha0.5,ciciot2023,42,0.8147733333333333,0.5953641751763643,0.807366446467891,0.5764432969278391,0.8147733333333333,0.5795949167110771,0.8078441516179665,0.04064733763829025,0.13995203443965534,4.692421913146973
fl_cnnbilstm_alpha0.5,toniot_network,42,0.9161755686515026,0.8325572856669831,0.918102950085004,0.8003181113650544,0.9161755686515026,0.8132540592973589,0.9162414979826887,0.012387845390447945,0.015278331775086184,4.497371196746826
lnetskd_baseline,edgeiiot,42,0.9164655528740383,0.9459653426049789,0.9165432233931209,0.6959565909628049,0.9164655528740383,0.7501219356696553,0.900523083356579,0.040334841208982786,0.19880944133691789,0.3134298324584961
lnetskd_baseline,cicids2017,42,0.9820533333333333,0.8534676001392082,0.9810406451631604,0.6708519593866085,0.9820533333333333,0.7265662688796127,0.9801553602806936,0.014570242118775155,0.08404502816475941,0.21372509002685547
lnetskd_baseline,ciciot2023,42,0.8017866666666666,0.8471083832600221,0.8142770185882391,0.49602018476081355,0.8017866666666666,0.5492409078084398,0.7659413066889234,0.05444880648803972,0.23737711857098445,0.15621519088745117
lnetskd_baseline,toniot_network,42,0.9841070904775873,0.975386720653041,0.9838854099219428,0.943528667428943,0.9841070904775873,0.9575078241792525,0.9834866861467018,0.002680949018974129,0.0055546826293802936,0.21950531005859375
